=== Fri Sep 18 01:20:26 +05 2026 ===

===== backend: build, vet, test =====
?   	github.com/aireply/ai-reply-back-end/cmd/server	[no test files]
?   	github.com/aireply/ai-reply-back-end/config	[no test files]
?   	github.com/aireply/ai-reply-back-end/internal/admin	[no test files]
?   	github.com/aireply/ai-reply-back-end/internal/ai	[no test files]
signal: interrupt
FAIL	github.com/aireply/ai-reply-back-end/internal/apptest	5.644s
?   	github.com/aireply/ai-reply-back-end/internal/auth	[no test files]

===== ios: build for the simulator =====
simulator udid: DD091D08-AC78-4142-A9F6-12A425BE65F2
Monitoring boot status for iPhone 17 Pro (DD091D08-AC78-4142-A9F6-12A425BE65F2).
[2026-09-17 20:20:52 +0000] Status=1, isTerminal=NO, Elapsed=00:01.
	Waiting on BackBoard

[2026-09-17 20:20:55 +0000] Status=4, isTerminal=NO, Elapsed=00:04.
	Waiting on System App

[2026-09-17 20:20:56 +0000] Status=4, isTerminal=NO, Elapsed=00:04.
	Waiting on System App

[2026-09-17 20:20:58 +0000] Status=4294967295, isTerminal=YES, Elapsed=00:07.
	Finished

Command line invocation:
    /Applications/Xcode.app/Contents/Developer/usr/bin/xcodebuild -project AI-Reply/AIReply.xcodeproj -scheme AIReply -configuration Debug -destination id=DD091D08-AC78-4142-A9F6-12A425BE65F2 -derivedDataPath AI-Reply/build/SimDerivedData CODE_SIGNING_ALLOWED=NO CODE_SIGNING_REQUIRED=NO CODE_SIGN_IDENTITY= build

Build settings from command line:
    CODE_SIGN_IDENTITY = 
    CODE_SIGNING_ALLOWED = NO
    CODE_SIGNING_REQUIRED = NO

note: Using codesigning identity override: 
ComputePackagePrebuildTargetDependencyGraph

Prepare packages

CreateBuildRequest

SendProjectDescription

CreateBuildOperation

ComputeTargetDependencyGraph
note: Building targets in dependency order
note: Target dependency graph (2 targets)
    Target 'AIReply' in project 'AIReply'
        ➜ Explicit dependency on target 'ReplyKeyboard' in project 'AIReply'
    Target 'ReplyKeyboard' in project 'AIReply' (no dependencies)

GatherProvisioningInputs

CreateBuildDescription

ExecuteExternalTool /Applications/Xcode.app/Contents/Developer/usr/bin/xcstringstool compile --dry-run --output-directory /Users/yerekyerkinbekuly/ai-reply/AI-Reply/build/SimDerivedData/Build/Intermediates.noindex/AIReply.build/Debug-iphonesimulator/AIReply.build /Users/yerekyerkinbekuly/ai-reply/AI-Reply/AIReply/Resources/Localizable.xcstrings

ExecuteExternalTool /Applications/Xcode.app/Contents/Developer/usr/bin/actool --print-asset-tag-combinations --output-format xml1 /Users/yerekyerkinbekuly/ai-reply/AI-Reply/AIReply/Resources/Assets.xcassets

ExecuteExternalTool /Applications/Xcode.app/Contents/Developer/Toolchains/XcodeDefault.xctoolchain/usr/bin/clang -v -E -dM -isysroot /Applications/Xcode.app/Contents/Developer/Platforms/iPhoneSimulator.platform/Developer/SDKs/iPhoneSimulator26.5.sdk -x c -c /dev/null

ExecuteExternalTool /Applications/Xcode.app/Contents/Developer/Toolchains/XcodeDefault.xctoolchain/usr/bin/swiftc --version

ExecuteExternalTool /Applications/Xcode.app/Contents/Developer/Toolchains/XcodeDefault.xctoolchain/usr/bin/ld -version_details

ExecuteExternalTool /Applications/Xcode.app/Contents/Developer/usr/bin/actool --version --output-format xml1

Build description signature: 849b1039f877634aab56d44640ab5eae
Build description path: /Users/yerekyerkinbekuly/ai-reply/AI-Reply/build/SimDerivedData/Build/Intermediates.noindex/XCBuildData/849b1039f877634aab56d44640ab5eae.xcbuilddata
CreateBuildDirectory /Users/yerekyerkinbekuly/ai-reply/AI-Reply/build/SimDerivedData/Build/Intermediates.noindex
    cd /Users/yerekyerkinbekuly/ai-reply/AI-Reply/AIReply.xcodeproj
    builtin-create-build-directory /Users/yerekyerkinbekuly/ai-reply/AI-Reply/build/SimDerivedData/Build/Intermediates.noindex

CreateBuildDirectory /Users/yerekyerkinbekuly/ai-reply/AI-Reply/build/SimDerivedData/Build/Products
    cd /Users/yerekyerkinbekuly/ai-reply/AI-Reply/AIReply.xcodeproj
    builtin-create-build-directory /Users/yerekyerkinbekuly/ai-reply/AI-Reply/build/SimDerivedData/Build/Products

ClangStatCache /Applications/Xcode.app/Contents/Developer/Toolchains/XcodeDefault.xctoolchain/usr/bin/clang-stat-cache /Applications/Xcode.app/Contents/Developer/Platforms/iPhoneSimulator.platform/Developer/SDKs/iPhoneSimulator26.5.sdk /Users/yerekyerkinbekuly/ai-reply/AI-Reply/build/SimDerivedData/SDKStatCaches.noindex/iphonesimulator26.5-23F81a-6cfe768891a92b912361537c460fe42b.sdkstatcache
    cd /Users/yerekyerkinbekuly/ai-reply/AI-Reply/AIReply.xcodeproj
    /Applications/Xcode.app/Contents/Developer/Toolchains/XcodeDefault.xctoolchain/usr/bin/clang-stat-cache /Applications/Xcode.app/Contents/Developer/Platforms/iPhoneSimulator.platform/Developer/SDKs/iPhoneSimulator26.5.sdk -o /Users/yerekyerkinbekuly/ai-reply/AI-Reply/build/SimDerivedData/SDKStatCaches.noindex/iphonesimulator26.5-23F81a-6cfe768891a92b912361537c460fe42b.sdkstatcache

CreateBuildDirectory /Users/yerekyerkinbekuly/ai-reply/AI-Reply/build/SimDerivedData/Build/Intermediates.noindex/SwiftExplicitPrecompiledModules
    cd /Users/yerekyerkinbekuly/ai-reply/AI-Reply/AIReply.xcodeproj
    builtin-create-build-directory /Users/yerekyerkinbekuly/ai-reply/AI-Reply/build/SimDerivedData/Build/Intermediates.noindex/SwiftExplicitPrecompiledModules

CreateBuildDirectory /Users/yerekyerkinbekuly/ai-reply/AI-Reply/build/SimDerivedData/Build/Intermediates.noindex/ExplicitPrecompiledModules
    cd /Users/yerekyerkinbekuly/ai-reply/AI-Reply/AIReply.xcodeproj
    builtin-create-build-directory /Users/yerekyerkinbekuly/ai-reply/AI-Reply/build/SimDerivedData/Build/Intermediates.noindex/ExplicitPrecompiledModules

CreateBuildDirectory /Users/yerekyerkinbekuly/ai-reply/AI-Reply/build/SimDerivedData/Build/Intermediates.noindex/EagerLinkingTBDs/Debug-iphonesimulator
    cd /Users/yerekyerkinbekuly/ai-reply/AI-Reply/AIReply.xcodeproj
    builtin-create-build-directory /Users/yerekyerkinbekuly/ai-reply/AI-Reply/build/SimDerivedData/Build/Intermediates.noindex/EagerLinkingTBDs/Debug-iphonesimulator

CreateBuildDirectory /Users/yerekyerkinbekuly/ai-reply/AI-Reply/build/SimDerivedData/Build/Products/Debug-iphonesimulator
    cd /Users/yerekyerkinbekuly/ai-reply/AI-Reply/AIReply.xcodeproj
    builtin-create-build-directory /Users/yerekyerkinbekuly/ai-reply/AI-Reply/build/SimDerivedData/Build/Products/Debug-iphonesimulator

WriteAuxiliaryFile /Users/yerekyerkinbekuly/ai-reply/AI-Reply/build/SimDerivedData/Build/Intermediates.noindex/AIReply.build/Debug-iphonesimulator/AIReply-9205f97fdfd540c1d099d3355df8d61a-VFS-iphonesimulator/all-product-headers.yaml
    cd /Users/yerekyerkinbekuly/ai-reply/AI-Reply/AIReply.xcodeproj
    write-file /Users/yerekyerkinbekuly/ai-reply/AI-Reply/build/SimDerivedData/Build/Intermediates.noindex/AIReply.build/Debug-iphonesimulator/AIReply-9205f97fdfd540c1d099d3355df8d61a-VFS-iphonesimulator/all-product-headers.yaml

WriteAuxiliaryFile /Users/yerekyerkinbekuly/ai-reply/AI-Reply/build/SimDerivedData/Build/Intermediates.noindex/AIReply.build/Debug-iphonesimulator/ReplyKeyboard.build/ReplyKeyboardExtension.DependencyStaticMetadataFileList (in target 'ReplyKeyboard' from project 'AIReply')
    cd /Users/yerekyerkinbekuly/ai-reply/AI-Reply
    write-file /Users/yerekyerkinbekuly/ai-reply/AI-Reply/build/SimDerivedData/Build/Intermediates.noindex/AIReply.build/Debug-iphonesimulator/ReplyKeyboard.build/ReplyKeyboardExtension.DependencyStaticMetadataFileList

WriteAuxiliaryFile /Users/yerekyerkinbekuly/ai-reply/AI-Reply/build/SimDerivedData/Build/Intermediates.noindex/AIReply.build/Debug-iphonesimulator/ReplyKeyboard.build/ReplyKeyboardExtension-own-target-headers.hmap (in target 'ReplyKeyboard' from project 'AIReply')
    cd /Users/yerekyerkinbekuly/ai-reply/AI-Reply
    write-file /Users/yerekyerkinbekuly/ai-reply/AI-Reply/build/SimDerivedData/Build/Intermediates.noindex/AIReply.build/Debug-iphonesimulator/ReplyKeyboard.build/ReplyKeyboardExtension-own-target-headers.hmap

WriteAuxiliaryFile /Users/yerekyerkinbekuly/ai-reply/AI-Reply/build/SimDerivedData/Build/Intermediates.noindex/AIReply.build/Debug-iphonesimulator/ReplyKeyboard.build/ReplyKeyboardExtension.hmap (in target 'ReplyKeyboard' from project 'AIReply')
    cd /Users/yerekyerkinbekuly/ai-reply/AI-Reply
    write-file /Users/yerekyerkinbekuly/ai-reply/AI-Reply/build/SimDerivedData/Build/Intermediates.noindex/AIReply.build/Debug-iphonesimulator/ReplyKeyboard.build/ReplyKeyboardExtension.hmap

WriteAuxiliaryFile /Users/yerekyerkinbekuly/ai-reply/AI-Reply/build/SimDerivedData/Build/Intermediates.noindex/AIReply.build/Debug-iphonesimulator/ReplyKeyboard.build/ReplyKeyboardExtension-project-headers.hmap (in target 'ReplyKeyboard' from project 'AIReply')
    cd /Users/yerekyerkinbekuly/ai-reply/AI-Reply
    write-file /Users/yerekyerkinbekuly/ai-reply/AI-Reply/build/SimDerivedData/Build/Intermediates.noindex/AIReply.build/Debug-iphonesimulator/ReplyKeyboard.build/ReplyKeyboardExtension-project-headers.hmap

WriteAuxiliaryFile /Users/yerekyerkinbekuly/ai-reply/AI-Reply/build/SimDerivedData/Build/Intermediates.noindex/AIReply.build/Debug-iphonesimulator/ReplyKeyboard.build/ReplyKeyboardExtension-generated-files.hmap (in target 'ReplyKeyboard' from project 'AIReply')
    cd /Users/yerekyerkinbekuly/ai-reply/AI-Reply
    write-file /Users/yerekyerkinbekuly/ai-reply/AI-Reply/build/SimDerivedData/Build/Intermediates.noindex/AIReply.build/Debug-iphonesimulator/ReplyKeyboard.build/ReplyKeyboardExtension-generated-files.hmap

WriteAuxiliaryFile /Users/yerekyerkinbekuly/ai-reply/AI-Reply/build/SimDerivedData/Build/Intermediates.noindex/AIReply.build/Debug-iphonesimulator/ReplyKeyboard.build/ReplyKeyboardExtension-all-target-headers.hmap (in target 'ReplyKeyboard' from project 'AIReply')
    cd /Users/yerekyerkinbekuly/ai-reply/AI-Reply
    write-file /Users/yerekyerkinbekuly/ai-reply/AI-Reply/build/SimDerivedData/Build/Intermediates.noindex/AIReply.build/Debug-iphonesimulator/ReplyKeyboard.build/ReplyKeyboardExtension-all-target-headers.hmap

WriteAuxiliaryFile /Users/yerekyerkinbekuly/ai-reply/AI-Reply/build/SimDerivedData/Build/Intermediates.noindex/AIReply.build/Debug-iphonesimulator/ReplyKeyboard.build/ReplyKeyboardExtension-all-non-framework-target-headers.hmap (in target 'ReplyKeyboard' from project 'AIReply')
    cd /Users/yerekyerkinbekuly/ai-reply/AI-Reply
    write-file /Users/yerekyerkinbekuly/ai-reply/AI-Reply/build/SimDerivedData/Build/Intermediates.noindex/AIReply.build/Debug-iphonesimulator/ReplyKeyboard.build/ReplyKeyboardExtension-all-non-framework-target-headers.hmap

WriteAuxiliaryFile /Users/yerekyerkinbekuly/ai-reply/AI-Reply/build/SimDerivedData/Build/Intermediates.noindex/AIReply.build/Debug-iphonesimulator/ReplyKeyboard.build/ReplyKeyboardExtension.DependencyMetadataFileList (in target 'ReplyKeyboard' from project 'AIReply')
    cd /Users/yerekyerkinbekuly/ai-reply/AI-Reply
    write-file /Users/yerekyerkinbekuly/ai-reply/AI-Reply/build/SimDerivedData/Build/Intermediates.noindex/AIReply.build/Debug-iphonesimulator/ReplyKeyboard.build/ReplyKeyboardExtension.DependencyMetadataFileList

WriteAuxiliaryFile /Users/yerekyerkinbekuly/ai-reply/AI-Reply/build/SimDerivedData/Build/Intermediates.noindex/AIReply.build/Debug-iphonesimulator/ReplyKeyboard.build/ReplyKeyboardExtension-DebugEntryPoint-normal-arm64.txt (in target 'ReplyKeyboard' from project 'AIReply')
    cd /Users/yerekyerkinbekuly/ai-reply/AI-Reply
    write-file /Users/yerekyerkinbekuly/ai-reply/AI-Reply/build/SimDerivedData/Build/Intermediates.noindex/AIReply.build/Debug-iphonesimulator/ReplyKeyboard.build/ReplyKeyboardExtension-DebugEntryPoint-normal-arm64.txt

WriteAuxiliaryFile /Users/yerekyerkinbekuly/ai-reply/AI-Reply/build/SimDerivedData/Build/Intermediates.noindex/AIReply.build/Debug-iphonesimulator/ReplyKeyboard.build/ReplyKeyboardExtension-DebugDylibPath-normal-arm64.txt (in target 'ReplyKeyboard' from project 'AIReply')
    cd /Users/yerekyerkinbekuly/ai-reply/AI-Reply
    write-file /Users/yerekyerkinbekuly/ai-reply/AI-Reply/build/SimDerivedData/Build/Intermediates.noindex/AIReply.build/Debug-iphonesimulator/ReplyKeyboard.build/ReplyKeyboardExtension-DebugDylibPath-normal-arm64.txt

WriteAuxiliaryFile /Users/yerekyerkinbekuly/ai-reply/AI-Reply/build/SimDerivedData/Build/Intermediates.noindex/AIReply.build/Debug-iphonesimulator/ReplyKeyboard.build/ReplyKeyboardExtension-DebugDylibInstallName-normal-arm64.txt (in target 'ReplyKeyboard' from project 'AIReply')
    cd /Users/yerekyerkinbekuly/ai-reply/AI-Reply
    write-file /Users/yerekyerkinbekuly/ai-reply/AI-Reply/build/SimDerivedData/Build/Intermediates.noindex/AIReply.build/Debug-iphonesimulator/ReplyKeyboard.build/ReplyKeyboardExtension-DebugDylibInstallName-normal-arm64.txt

WriteAuxiliaryFile /Users/yerekyerkinbekuly/ai-reply/AI-Reply/build/SimDerivedData/Build/Intermediates.noindex/AIReply.build/Debug-iphonesimulator/ReplyKeyboard.build/Objects-normal/arm64/ReplyKeyboard_const_extract_protocols.json (in target 'ReplyKeyboard' from project 'AIReply')
    cd /Users/yerekyerkinbekuly/ai-reply/AI-Reply
    write-file /Users/yerekyerkinbekuly/ai-reply/AI-Reply/build/SimDerivedData/Build/Intermediates.noindex/AIReply.build/Debug-iphonesimulator/ReplyKeyboard.build/Objects-normal/arm64/ReplyKeyboard_const_extract_protocols.json

WriteAuxiliaryFile /Users/yerekyerkinbekuly/ai-reply/AI-Reply/build/SimDerivedData/Build/Intermediates.noindex/AIReply.build/Debug-iphonesimulator/ReplyKeyboard.build/Objects-normal/arm64/ReplyKeyboardExtension.SwiftFileList (in target 'ReplyKeyboard' from project 'AIReply')
    cd /Users/yerekyerkinbekuly/ai-reply/AI-Reply
    write-file /Users/yerekyerkinbekuly/ai-reply/AI-Reply/build/SimDerivedData/Build/Intermediates.noindex/AIReply.build/Debug-iphonesimulator/ReplyKeyboard.build/Objects-normal/arm64/ReplyKeyboardExtension.SwiftFileList

WriteAuxiliaryFile /Users/yerekyerkinbekuly/ai-reply/AI-Reply/build/SimDerivedData/Build/Intermediates.noindex/AIReply.build/Debug-iphonesimulator/ReplyKeyboard.build/Objects-normal/arm64/ReplyKeyboardExtension.SwiftConstValuesFileList (in target 'ReplyKeyboard' from project 'AIReply')
    cd /Users/yerekyerkinbekuly/ai-reply/AI-Reply
    write-file /Users/yerekyerkinbekuly/ai-reply/AI-Reply/build/SimDerivedData/Build/Intermediates.noindex/AIReply.build/Debug-iphonesimulator/ReplyKeyboard.build/Objects-normal/arm64/ReplyKeyboardExtension.SwiftConstValuesFileList

WriteAuxiliaryFile /Users/yerekyerkinbekuly/ai-reply/AI-Reply/build/SimDerivedData/Build/Intermediates.noindex/AIReply.build/Debug-iphonesimulator/ReplyKeyboard.build/Objects-normal/arm64/ReplyKeyboardExtension.LinkFileList (in target 'ReplyKeyboard' from project 'AIReply')
    cd /Users/yerekyerkinbekuly/ai-reply/AI-Reply
    write-file /Users/yerekyerkinbekuly/ai-reply/AI-Reply/build/SimDerivedData/Build/Intermediates.noindex/AIReply.build/Debug-iphonesimulator/ReplyKeyboard.build/Objects-normal/arm64/ReplyKeyboardExtension.LinkFileList

WriteAuxiliaryFile /Users/yerekyerkinbekuly/ai-reply/AI-Reply/build/SimDerivedData/Build/Intermediates.noindex/AIReply.build/Debug-iphonesimulator/ReplyKeyboard.build/Objects-normal/arm64/ReplyKeyboard-OutputFileMap.json (in target 'ReplyKeyboard' from project 'AIReply')
    cd /Users/yerekyerkinbekuly/ai-reply/AI-Reply
    write-file /Users/yerekyerkinbekuly/ai-reply/AI-Reply/build/SimDerivedData/Build/Intermediates.noindex/AIReply.build/Debug-iphonesimulator/ReplyKeyboard.build/Objects-normal/arm64/ReplyKeyboard-OutputFileMap.json

WriteAuxiliaryFile /Users/yerekyerkinbekuly/ai-reply/AI-Reply/build/SimDerivedData/Build/Intermediates.noindex/AIReply.build/Debug-iphonesimulator/AIReply.build/Objects-normal/arm64/AIReply_const_extract_protocols.json (in target 'AIReply' from project 'AIReply')
    cd /Users/yerekyerkinbekuly/ai-reply/AI-Reply
    write-file /Users/yerekyerkinbekuly/ai-reply/AI-Reply/build/SimDerivedData/Build/Intermediates.noindex/AIReply.build/Debug-iphonesimulator/AIReply.build/Objects-normal/arm64/AIReply_const_extract_protocols.json

WriteAuxiliaryFile /Users/yerekyerkinbekuly/ai-reply/AI-Reply/build/SimDerivedData/Build/Intermediates.noindex/AIReply.build/Debug-iphonesimulator/AIReply.build/Objects-normal/arm64/AIReply.SwiftFileList (in target 'AIReply' from project 'AIReply')
    cd /Users/yerekyerkinbekuly/ai-reply/AI-Reply
    write-file /Users/yerekyerkinbekuly/ai-reply/AI-Reply/build/SimDerivedData/Build/Intermediates.noindex/AIReply.build/Debug-iphonesimulator/AIReply.build/Objects-normal/arm64/AIReply.SwiftFileList

WriteAuxiliaryFile /Users/yerekyerkinbekuly/ai-reply/AI-Reply/build/SimDerivedData/Build/Intermediates.noindex/AIReply.build/Debug-iphonesimulator/AIReply.build/Objects-normal/arm64/AIReply.SwiftConstValuesFileList (in target 'AIReply' from project 'AIReply')
    cd /Users/yerekyerkinbekuly/ai-reply/AI-Reply
    write-file /Users/yerekyerkinbekuly/ai-reply/AI-Reply/build/SimDerivedData/Build/Intermediates.noindex/AIReply.build/Debug-iphonesimulator/AIReply.build/Objects-normal/arm64/AIReply.SwiftConstValuesFileList

WriteAuxiliaryFile /Users/yerekyerkinbekuly/ai-reply/AI-Reply/build/SimDerivedData/Build/Intermediates.noindex/AIReply.build/Debug-iphonesimulator/AIReply.build/Objects-normal/arm64/AIReply.LinkFileList (in target 'AIReply' from project 'AIReply')
    cd /Users/yerekyerkinbekuly/ai-reply/AI-Reply
    write-file /Users/yerekyerkinbekuly/ai-reply/AI-Reply/build/SimDerivedData/Build/Intermediates.noindex/AIReply.build/Debug-iphonesimulator/AIReply.build/Objects-normal/arm64/AIReply.LinkFileList

WriteAuxiliaryFile /Users/yerekyerkinbekuly/ai-reply/AI-Reply/build/SimDerivedData/Build/Intermediates.noindex/AIReply.build/Debug-iphonesimulator/AIReply.build/Objects-normal/arm64/AIReply-OutputFileMap.json (in target 'AIReply' from project 'AIReply')
    cd /Users/yerekyerkinbekuly/ai-reply/AI-Reply
    write-file /Users/yerekyerkinbekuly/ai-reply/AI-Reply/build/SimDerivedData/Build/Intermediates.noindex/AIReply.build/Debug-iphonesimulator/AIReply.build/Objects-normal/arm64/AIReply-OutputFileMap.json

WriteAuxiliaryFile /Users/yerekyerkinbekuly/ai-reply/AI-Reply/build/SimDerivedData/Build/Intermediates.noindex/AIReply.build/Debug-iphonesimulator/AIReply.build/AIReply.hmap (in target 'AIReply' from project 'AIReply')
    cd /Users/yerekyerkinbekuly/ai-reply/AI-Reply
    write-file /Users/yerekyerkinbekuly/ai-reply/AI-Reply/build/SimDerivedData/Build/Intermediates.noindex/AIReply.build/Debug-iphonesimulator/AIReply.build/AIReply.hmap

WriteAuxiliaryFile /Users/yerekyerkinbekuly/ai-reply/AI-Reply/build/SimDerivedData/Build/Intermediates.noindex/AIReply.build/Debug-iphonesimulator/AIReply.build/AIReply.DependencyStaticMetadataFileList (in target 'AIReply' from project 'AIReply')
    cd /Users/yerekyerkinbekuly/ai-reply/AI-Reply
    write-file /Users/yerekyerkinbekuly/ai-reply/AI-Reply/build/SimDerivedData/Build/Intermediates.noindex/AIReply.build/Debug-iphonesimulator/AIReply.build/AIReply.DependencyStaticMetadataFileList

WriteAuxiliaryFile /Users/yerekyerkinbekuly/ai-reply/AI-Reply/build/SimDerivedData/Build/Intermediates.noindex/AIReply.build/Debug-iphonesimulator/AIReply.build/AIReply.DependencyMetadataFileList (in target 'AIReply' from project 'AIReply')
    cd /Users/yerekyerkinbekuly/ai-reply/AI-Reply
    write-file /Users/yerekyerkinbekuly/ai-reply/AI-Reply/build/SimDerivedData/Build/Intermediates.noindex/AIReply.build/Debug-iphonesimulator/AIReply.build/AIReply.DependencyMetadataFileList

WriteAuxiliaryFile /Users/yerekyerkinbekuly/ai-reply/AI-Reply/build/SimDerivedData/Build/Intermediates.noindex/AIReply.build/Debug-iphonesimulator/AIReply.build/AIReply-project-headers.hmap (in target 'AIReply' from project 'AIReply')
    cd /Users/yerekyerkinbekuly/ai-reply/AI-Reply
    write-file /Users/yerekyerkinbekuly/ai-reply/AI-Reply/build/SimDerivedData/Build/Intermediates.noindex/AIReply.build/Debug-iphonesimulator/AIReply.build/AIReply-project-headers.hmap

WriteAuxiliaryFile /Users/yerekyerkinbekuly/ai-reply/AI-Reply/build/SimDerivedData/Build/Intermediates.noindex/AIReply.build/Debug-iphonesimulator/AIReply.build/AIReply-own-target-headers.hmap (in target 'AIReply' from project 'AIReply')
    cd /Users/yerekyerkinbekuly/ai-reply/AI-Reply
    write-file /Users/yerekyerkinbekuly/ai-reply/AI-Reply/build/SimDerivedData/Build/Intermediates.noindex/AIReply.build/Debug-iphonesimulator/AIReply.build/AIReply-own-target-headers.hmap

WriteAuxiliaryFile /Users/yerekyerkinbekuly/ai-reply/AI-Reply/build/SimDerivedData/Build/Intermediates.noindex/AIReply.build/Debug-iphonesimulator/AIReply.build/AIReply-generated-files.hmap (in target 'AIReply' from project 'AIReply')
    cd /Users/yerekyerkinbekuly/ai-reply/AI-Reply
    write-file /Users/yerekyerkinbekuly/ai-reply/AI-Reply/build/SimDerivedData/Build/Intermediates.noindex/AIReply.build/Debug-iphonesimulator/AIReply.build/AIReply-generated-files.hmap

WriteAuxiliaryFile /Users/yerekyerkinbekuly/ai-reply/AI-Reply/build/SimDerivedData/Build/Intermediates.noindex/AIReply.build/Debug-iphonesimulator/AIReply.build/AIReply-all-target-headers.hmap (in target 'AIReply' from project 'AIReply')
    cd /Users/yerekyerkinbekuly/ai-reply/AI-Reply
    write-file /Users/yerekyerkinbekuly/ai-reply/AI-Reply/build/SimDerivedData/Build/Intermediates.noindex/AIReply.build/Debug-iphonesimulator/AIReply.build/AIReply-all-target-headers.hmap

WriteAuxiliaryFile /Users/yerekyerkinbekuly/ai-reply/AI-Reply/build/SimDerivedData/Build/Intermediates.noindex/AIReply.build/Debug-iphonesimulator/AIReply.build/AIReply-all-non-framework-target-headers.hmap (in target 'AIReply' from project 'AIReply')
    cd /Users/yerekyerkinbekuly/ai-reply/AI-Reply
    write-file /Users/yerekyerkinbekuly/ai-reply/AI-Reply/build/SimDerivedData/Build/Intermediates.noindex/AIReply.build/Debug-iphonesimulator/AIReply.build/AIReply-all-non-framework-target-headers.hmap

WriteAuxiliaryFile /Users/yerekyerkinbekuly/ai-reply/AI-Reply/build/SimDerivedData/Build/Intermediates.noindex/AIReply.build/Debug-iphonesimulator/AIReply.build/AIReply-DebugDylibPath-normal-arm64.txt (in target 'AIReply' from project 'AIReply')
    cd /Users/yerekyerkinbekuly/ai-reply/AI-Reply
    write-file /Users/yerekyerkinbekuly/ai-reply/AI-Reply/build/SimDerivedData/Build/Intermediates.noindex/AIReply.build/Debug-iphonesimulator/AIReply.build/AIReply-DebugDylibPath-normal-arm64.txt

WriteAuxiliaryFile /Users/yerekyerkinbekuly/ai-reply/AI-Reply/build/SimDerivedData/Build/Intermediates.noindex/AIReply.build/Debug-iphonesimulator/AIReply.build/AIReply-DebugDylibInstallName-normal-arm64.txt (in target 'AIReply' from project 'AIReply')
    cd /Users/yerekyerkinbekuly/ai-reply/AI-Reply
    write-file /Users/yerekyerkinbekuly/ai-reply/AI-Reply/build/SimDerivedData/Build/Intermediates.noindex/AIReply.build/Debug-iphonesimulator/AIReply.build/AIReply-DebugDylibInstallName-normal-arm64.txt

MkDir /Users/yerekyerkinbekuly/ai-reply/AI-Reply/build/SimDerivedData/Build/Products/Debug-iphonesimulator/ReplyKeyboardExtension.appex (in target 'ReplyKeyboard' from project 'AIReply')
    cd /Users/yerekyerkinbekuly/ai-reply/AI-Reply
    /bin/mkdir -p /Users/yerekyerkinbekuly/ai-reply/AI-Reply/build/SimDerivedData/Build/Products/Debug-iphonesimulator/ReplyKeyboardExtension.appex

MkDir /Users/yerekyerkinbekuly/ai-reply/AI-Reply/build/SimDerivedData/Build/Products/Debug-iphonesimulator/AIReply.app (in target 'AIReply' from project 'AIReply')
    cd /Users/yerekyerkinbekuly/ai-reply/AI-Reply
    /bin/mkdir -p /Users/yerekyerkinbekuly/ai-reply/AI-Reply/build/SimDerivedData/Build/Products/Debug-iphonesimulator/AIReply.app

MkDir /Users/yerekyerkinbekuly/ai-reply/AI-Reply/build/SimDerivedData/Build/Products/Debug-iphonesimulator/AIReply.app/PlugIns (in target 'AIReply' from project 'AIReply')
    cd /Users/yerekyerkinbekuly/ai-reply/AI-Reply
    /bin/mkdir -p /Users/yerekyerkinbekuly/ai-reply/AI-Reply/build/SimDerivedData/Build/Products/Debug-iphonesimulator/AIReply.app/PlugIns

ProcessInfoPlistFile /Users/yerekyerkinbekuly/ai-reply/AI-Reply/build/SimDerivedData/Build/Products/Debug-iphonesimulator/ReplyKeyboardExtension.appex/Info.plist /Users/yerekyerkinbekuly/ai-reply/AI-Reply/ReplyKeyboard/Info.plist (in target 'ReplyKeyboard' from project 'AIReply')
    cd /Users/yerekyerkinbekuly/ai-reply/AI-Reply
    builtin-infoPlistUtility /Users/yerekyerkinbekuly/ai-reply/AI-Reply/ReplyKeyboard/Info.plist -producttype com.apple.product-type.app-extension -expandbuildsettings -format binary -platform iphonesimulator -o /Users/yerekyerkinbekuly/ai-reply/AI-Reply/build/SimDerivedData/Build/Products/Debug-iphonesimulator/ReplyKeyboardExtension.appex/Info.plist

Ld /Users/yerekyerkinbekuly/ai-reply/AI-Reply/build/SimDerivedData/Build/Products/Debug-iphonesimulator/ReplyKeyboardExtension.appex/__preview.dylib normal (in target 'ReplyKeyboard' from project 'AIReply')
    cd /Users/yerekyerkinbekuly/ai-reply/AI-Reply
    /Applications/Xcode.app/Contents/Developer/Toolchains/XcodeDefault.xctoolchain/usr/bin/clang -Xlinker -reproducible -target arm64-apple-ios17.0-simulator -dynamiclib -isysroot /Applications/Xcode.app/Contents/Developer/Platforms/iPhoneSimulator.platform/Developer/SDKs/iPhoneSimulator26.5.sdk -O0 -L/Users/yerekyerkinbekuly/ai-reply/AI-Reply/build/SimDerivedData/Build/Products/Debug-iphonesimulator -F/Users/yerekyerkinbekuly/ai-reply/AI-Reply/build/SimDerivedData/Build/Products/Debug-iphonesimulator -install_name @rpath/ReplyKeyboardExtension.debug.dylib -Xlinker -dead_strip -rdynamic -Xlinker -no_deduplicate -Xlinker -objc_abi_version -Xlinker 2 -Xlinker -dependency_info -Xlinker /Users/yerekyerkinbekuly/ai-reply/AI-Reply/build/SimDerivedData/Build/Intermediates.noindex/AIReply.build/Debug-iphonesimulator/ReplyKeyboard.build/Objects-normal/arm64/ReplyKeyboardExtension_dependency_info.dat -o /Users/yerekyerkinbekuly/ai-reply/AI-Reply/build/SimDerivedData/Build/Products/Debug-iphonesimulator/ReplyKeyboardExtension.appex/__preview.dylib

SwiftDriver ReplyKeyboard normal arm64 com.apple.xcode.tools.swift.compiler (in target 'ReplyKeyboard' from project 'AIReply')
    cd /Users/yerekyerkinbekuly/ai-reply/AI-Reply
    builtin-SwiftDriver -- /Applications/Xcode.app/Contents/Developer/Toolchains/XcodeDefault.xctoolchain/usr/bin/swiftc -module-name ReplyKeyboardExtension -Onone @/Users/yerekyerkinbekuly/ai-reply/AI-Reply/build/SimDerivedData/Build/Intermediates.noindex/AIReply.build/Debug-iphonesimulator/ReplyKeyboard.build/Objects-normal/arm64/ReplyKeyboardExtension.SwiftFileList -DDEBUG -enable-bare-slash-regex -enable-experimental-feature DebugDescriptionMacro -sdk /Applications/Xcode.app/Contents/Developer/Platforms/iPhoneSimulator.platform/Developer/SDKs/iPhoneSimulator26.5.sdk -target arm64-apple-ios17.0-simulator -g -module-cache-path /Users/yerekyerkinbekuly/ai-reply/AI-Reply/build/SimDerivedData/ModuleCache.noindex -Xfrontend -serialize-debugging-options -application-extension -enable-testing -index-store-path /Users/yerekyerkinbekuly/ai-reply/AI-Reply/build/SimDerivedData/Index.noindex/DataStore -Xcc -D_LIBCPP_HARDENING_MODE\=_LIBCPP_HARDENING_MODE_DEBUG -swift-version 5 -I /Users/yerekyerkinbekuly/ai-reply/AI-Reply/build/SimDerivedData/Build/Products/Debug-iphonesimulator -F /Users/yerekyerkinbekuly/ai-reply/AI-Reply/build/SimDerivedData/Build/Products/Debug-iphonesimulator -c -j10 -enable-batch-mode -incremental -Xcc -ivfsstatcache -Xcc /Users/yerekyerkinbekuly/ai-reply/AI-Reply/build/SimDerivedData/SDKStatCaches.noindex/iphonesimulator26.5-23F81a-6cfe768891a92b912361537c460fe42b.sdkstatcache -output-file-map /Users/yerekyerkinbekuly/ai-reply/AI-Reply/build/SimDerivedData/Build/Intermediates.noindex/AIReply.build/Debug-iphonesimulator/ReplyKeyboard.build/Objects-normal/arm64/ReplyKeyboard-OutputFileMap.json -use-frontend-parseable-output -save-temps -no-color-diagnostics -explicit-module-build -module-cache-path /Users/yerekyerkinbekuly/ai-reply/AI-Reply/build/SimDerivedData/Build/Intermediates.noindex/SwiftExplicitPrecompiledModules -clang-scanner-module-cache-path /Users/yerekyerkinbekuly/ai-reply/AI-Reply/build/SimDerivedData/ModuleCache.noindex -sdk-module-cache-path /Users/yerekyerkinbekuly/ai-reply/AI-Reply/build/SimDerivedData/ModuleCache.noindex -serialize-diagnostics -emit-dependencies -emit-module -emit-module-path /Users/yerekyerkinbekuly/ai-reply/AI-Reply/build/SimDerivedData/Build/Intermediates.noindex/AIReply.build/Debug-iphonesimulator/ReplyKeyboard.build/Objects-normal/arm64/ReplyKeyboardExtension.swiftmodule -validate-clang-modules-once -clang-build-session-file /Users/yerekyerkinbekuly/ai-reply/AI-Reply/build/SimDerivedData/ModuleCache.noindex/Session.modulevalidation -Xcc -I/Users/yerekyerkinbekuly/ai-reply/AI-Reply/build/SimDerivedData/Build/Intermediates.noindex/AIReply.build/Debug-iphonesimulator/ReplyKeyboard.build/swift-overrides.hmap -emit-const-values -Xfrontend -const-gather-protocols-file -Xfrontend /Users/yerekyerkinbekuly/ai-reply/AI-Reply/build/SimDerivedData/Build/Intermediates.noindex/AIReply.build/Debug-iphonesimulator/ReplyKeyboard.build/Objects-normal/arm64/ReplyKeyboard_const_extract_protocols.json -Xcc -iquote -Xcc /Users/yerekyerkinbekuly/ai-reply/AI-Reply/build/SimDerivedData/Build/Intermediates.noindex/AIReply.build/Debug-iphonesimulator/ReplyKeyboard.build/ReplyKeyboardExtension-generated-files.hmap -Xcc -I/Users/yerekyerkinbekuly/ai-reply/AI-Reply/build/SimDerivedData/Build/Intermediates.noindex/AIReply.build/Debug-iphonesimulator/ReplyKeyboard.build/ReplyKeyboardExtension-own-target-headers.hmap -Xcc -I/Users/yerekyerkinbekuly/ai-reply/AI-Reply/build/SimDerivedData/Build/Intermediates.noindex/AIReply.build/Debug-iphonesimulator/ReplyKeyboard.build/ReplyKeyboardExtension-all-target-headers.hmap -Xcc -iquote -Xcc /Users/yerekyerkinbekuly/ai-reply/AI-Reply/build/SimDerivedData/Build/Intermediates.noindex/AIReply.build/Debug-iphonesimulator/ReplyKeyboard.build/ReplyKeyboardExtension-project-headers.hmap -Xcc -I/Users/yerekyerkinbekuly/ai-reply/AI-Reply/build/SimDerivedData/Build/Products/Debug-iphonesimulator/include -Xcc -I/Users/yerekyerkinbekuly/ai-reply/AI-Reply/build/SimDerivedData/Build/Intermediates.noindex/AIReply.build/Debug-iphonesimulator/ReplyKeyboard.build/DerivedSources-normal/arm64 -Xcc -I/Users/yerekyerkinbekuly/ai-reply/AI-Reply/build/SimDerivedData/Build/Intermediates.noindex/AIReply.build/Debug-iphonesimulator/ReplyKeyboard.build/DerivedSources/arm64 -Xcc -I/Users/yerekyerkinbekuly/ai-reply/AI-Reply/build/SimDerivedData/Build/Intermediates.noindex/AIReply.build/Debug-iphonesimulator/ReplyKeyboard.build/DerivedSources -Xcc -DDEBUG\=1 -emit-objc-header -emit-objc-header-path /Users/yerekyerkinbekuly/ai-reply/AI-Reply/build/SimDerivedData/Build/Intermediates.noindex/AIReply.build/Debug-iphonesimulator/ReplyKeyboard.build/Objects-normal/arm64/ReplyKeyboardExtension-Swift.h -working-directory /Users/yerekyerkinbekuly/ai-reply/AI-Reply -experimental-emit-module-separately -disable-cmo

SwiftExplicitDependencyGeneratePcm arm64 /Users/yerekyerkinbekuly/ai-reply/AI-Reply/build/SimDerivedData/ModuleCache.noindex/_Builtin_stddef-9PGN4Y48XV3MDF13DGCFCIXVQ.pcm

SwiftExplicitDependencyGeneratePcm arm64 /Users/yerekyerkinbekuly/ai-reply/AI-Reply/build/SimDerivedData/ModuleCache.noindex/_Builtin_stdbool-1F2QG5SBDFSM4RWD9KN3IPNBP.pcm

SwiftExplicitDependencyGeneratePcm arm64 /Users/yerekyerkinbekuly/ai-reply/AI-Reply/build/SimDerivedData/ModuleCache.noindex/_Builtin_stdarg-9RKHYKCLTN5IZ5VJZRQQ4EQN.pcm

SwiftExplicitDependencyGeneratePcm arm64 /Users/yerekyerkinbekuly/ai-reply/AI-Reply/build/SimDerivedData/ModuleCache.noindex/_AvailabilityInternal-2QZ0J5Y0UNOBKLQ2WL6OT28T3.pcm

SwiftExplicitDependencyGeneratePcm arm64 /Users/yerekyerkinbekuly/ai-reply/AI-Reply/build/SimDerivedData/ModuleCache.noindex/DeveloperToolsSupport-8VQDYC5EH9YHNID5OGYH18F2R.pcm

SwiftExplicitDependencyGeneratePcm arm64 /Users/yerekyerkinbekuly/ai-reply/AI-Reply/build/SimDerivedData/ModuleCache.noindex/ptrauth-CXA9S38CONHTW5UECBA6NQCT5.pcm

SwiftExplicitDependencyGeneratePcm arm64 /Users/yerekyerkinbekuly/ai-reply/AI-Reply/build/SimDerivedData/ModuleCache.noindex/_SwiftConcurrencyShims-4798WAR6YB3JS72JEWFWTK4MN.pcm

SwiftExplicitDependencyGeneratePcm arm64 /Users/yerekyerkinbekuly/ai-reply/AI-Reply/build/SimDerivedData/ModuleCache.noindex/_Builtin_float-DNHRZ9FU7WO0V8EF1XVR1QUH4.pcm

SwiftExplicitDependencyGeneratePcm arm64 /Users/yerekyerkinbekuly/ai-reply/AI-Reply/build/SimDerivedData/ModuleCache.noindex/SwiftShims-DHRUHUBGY37565L3QITCH4EUP.pcm

SwiftExplicitDependencyGeneratePcm arm64 /Users/yerekyerkinbekuly/ai-reply/AI-Reply/build/SimDerivedData/ModuleCache.noindex/ptrcheck-CWHTI4SB61ZTWH79SDGSO40TU.pcm

SwiftExplicitDependencyGeneratePcm arm64 /Users/yerekyerkinbekuly/ai-reply/AI-Reply/build/SimDerivedData/ModuleCache.noindex/_DarwinFoundation1-74P9G8UR1RGGTODVA6UG296LI.pcm

SwiftExplicitDependencyGeneratePcm arm64 /Users/yerekyerkinbekuly/ai-reply/AI-Reply/build/SimDerivedData/ModuleCache.noindex/_Builtin_limits-DNK3B36616P8CWSKTH81C0SYN.pcm

SwiftExplicitDependencyGeneratePcm arm64 /Users/yerekyerkinbekuly/ai-reply/AI-Reply/build/SimDerivedData/ModuleCache.noindex/_DarwinFoundation2-D74DKFOFXZB6Q9YUUAGWQEFAC.pcm

SwiftExplicitDependencyGeneratePcm arm64 /Users/yerekyerkinbekuly/ai-reply/AI-Reply/build/SimDerivedData/ModuleCache.noindex/_Builtin_tgmath-159ECS4SJEFCIGTMY6T7BZ3UK.pcm

SwiftExplicitDependencyGeneratePcm arm64 /Users/yerekyerkinbekuly/ai-reply/AI-Reply/build/SimDerivedData/ModuleCache.noindex/_Builtin_stdint-6LKJR3RI21KQJXU2I4J2O5A3I.pcm

SwiftExplicitDependencyGeneratePcm arm64 /Users/yerekyerkinbekuly/ai-reply/AI-Reply/build/SimDerivedData/ModuleCache.noindex/sys_types-6D3UZXA83YU7LY8UK6PRQPX30.pcm

SwiftExplicitDependencyGeneratePcm arm64 /Users/yerekyerkinbekuly/ai-reply/AI-Reply/build/SimDerivedData/ModuleCache.noindex/_Builtin_intrinsics-72J3KD7YN3WLM3M5IDK9462S5.pcm

SwiftExplicitDependencyGeneratePcm arm64 /Users/yerekyerkinbekuly/ai-reply/AI-Reply/build/SimDerivedData/ModuleCache.noindex/_DarwinFoundation3-160EQW7Z8T6PWMCXW994OEGYE.pcm

SwiftExplicitDependencyGeneratePcm arm64 /Users/yerekyerkinbekuly/ai-reply/AI-Reply/build/SimDerivedData/ModuleCache.noindex/_Builtin_stdatomic-CHZYBMYW2ED1RYAW8EOP83HYJ.pcm

SwiftExplicitDependencyGeneratePcm arm64 /Users/yerekyerkinbekuly/ai-reply/AI-Reply/build/SimDerivedData/ModuleCache.noindex/_Builtin_inttypes-8F9SH8UE8Y4PLSPQJSLQLCRHH.pcm

SwiftExplicitDependencyGeneratePcm arm64 /Users/yerekyerkinbekuly/ai-reply/AI-Reply/build/SimDerivedData/ModuleCache.noindex/Darwin-7ZQTT8FQZRCUOCFY53SZS7NSJ.pcm

SwiftExplicitDependencyGeneratePcm arm64 /Users/yerekyerkinbekuly/ai-reply/AI-Reply/build/SimDerivedData/ModuleCache.noindex/simd-72YEF0FHCGTS20XAHSELKL36Q.pcm

SwiftExplicitDependencyGeneratePcm arm64 /Users/yerekyerkinbekuly/ai-reply/AI-Reply/build/SimDerivedData/ModuleCache.noindex/MachO-6KFI6RNWO4F3WJMJH76XR56S3.pcm

SwiftExplicitDependencyGeneratePcm arm64 /Users/yerekyerkinbekuly/ai-reply/AI-Reply/build/SimDerivedData/ModuleCache.noindex/ObjectiveC-3FFJJPEDPRMH61KN7DIH6KY0L.pcm

SwiftExplicitDependencyGeneratePcm arm64 /Users/yerekyerkinbekuly/ai-reply/AI-Reply/build/SimDerivedData/ModuleCache.noindex/os_object-E7GU7VUMSSEAWNMI55H62B8A.pcm

SwiftExplicitDependencyGeneratePcm arm64 /Users/yerekyerkinbekuly/ai-reply/AI-Reply/build/SimDerivedData/ModuleCache.noindex/os_workgroup-HHXMPHFIDRQEJVOHQA3C4334.pcm

SwiftExplicitDependencyGeneratePcm arm64 /Users/yerekyerkinbekuly/ai-reply/AI-Reply/build/SimDerivedData/ModuleCache.noindex/Spatial-2E9HEKGF49LAE9SMWYD90IGAJ.pcm

SwiftExplicitDependencyGeneratePcm arm64 /Users/yerekyerkinbekuly/ai-reply/AI-Reply/build/SimDerivedData/ModuleCache.noindex/Dispatch-EFHOHE58UZG1VKDH6LDFQIY1G.pcm

SwiftExplicitDependencyGeneratePcm arm64 /Users/yerekyerkinbekuly/ai-reply/AI-Reply/build/SimDerivedData/ModuleCache.noindex/XPC-6UMD2UN861BMLE893JG4T8FZ8.pcm

SwiftExplicitDependencyGeneratePcm arm64 /Users/yerekyerkinbekuly/ai-reply/AI-Reply/build/SimDerivedData/ModuleCache.noindex/CoreFoundation-34ELY48TWSBZABOH409VHY4G7.pcm

SwiftExplicitDependencyGeneratePcm arm64 /Users/yerekyerkinbekuly/ai-reply/AI-Reply/build/SimDerivedData/ModuleCache.noindex/os-AB1K1QQICUUZACTZ0MU9V78MD.pcm

SwiftExplicitDependencyGeneratePcm arm64 /Users/yerekyerkinbekuly/ai-reply/AI-Reply/build/SimDerivedData/ModuleCache.noindex/Security-7HCSH0XMTDKE7FF48KN43C9BQ.pcm

SwiftExplicitDependencyGeneratePcm arm64 /Users/yerekyerkinbekuly/ai-reply/AI-Reply/build/SimDerivedData/ModuleCache.noindex/CFNetwork-EJ7IQ3E6NDH8XANARWZVCC3Y2.pcm

SwiftExplicitDependencyGeneratePcm arm64 /Users/yerekyerkinbekuly/ai-reply/AI-Reply/build/SimDerivedData/ModuleCache.noindex/CoreGraphics-1LND4PJGBRSA7THUGEWVGLOW4.pcm

SwiftExplicitDependencyGeneratePcm arm64 /Users/yerekyerkinbekuly/ai-reply/AI-Reply/build/SimDerivedData/ModuleCache.noindex/Foundation-1UUCB1T8EM02YKSKFQWKGKWR7.pcm

SwiftExplicitDependencyGeneratePcm arm64 /Users/yerekyerkinbekuly/ai-reply/AI-Reply/build/SimDerivedData/ModuleCache.noindex/CoreText-BNBODOQAMQVI8NI494T0QL492.pcm

SwiftExplicitDependencyGeneratePcm arm64 /Users/yerekyerkinbekuly/ai-reply/AI-Reply/build/SimDerivedData/ModuleCache.noindex/ImageIO-9Z23JX5KZHFDE501PD2H32I5F.pcm

SwiftExplicitDependencyGeneratePcm arm64 /Users/yerekyerkinbekuly/ai-reply/AI-Reply/build/SimDerivedData/ModuleCache.noindex/Symbols-71KX3RZFU4XNPIKPY4SP09AYV.pcm

SwiftExplicitDependencyGeneratePcm arm64 /Users/yerekyerkinbekuly/ai-reply/AI-Reply/build/SimDerivedData/ModuleCache.noindex/IOSurface-5W0BO8ZV69CASZXB92ASTHBGI.pcm

SwiftExplicitDependencyGeneratePcm arm64 /Users/yerekyerkinbekuly/ai-reply/AI-Reply/build/SimDerivedData/ModuleCache.noindex/FileProvider-5LJ4OU0G31KWBZQ76KYOPEFJV.pcm

SwiftExplicitDependencyGeneratePcm arm64 /Users/yerekyerkinbekuly/ai-reply/AI-Reply/build/SimDerivedData/ModuleCache.noindex/DataDetection-XDJZW5WB6JLPOZXGQRZKWG5J.pcm

SwiftExplicitDependencyGeneratePcm arm64 /Users/yerekyerkinbekuly/ai-reply/AI-Reply/build/SimDerivedData/ModuleCache.noindex/Accessibility-8Q14ZSP1ISAPD3AG4UUY9IYLK.pcm

SwiftExplicitDependencyGeneratePcm arm64 /Users/yerekyerkinbekuly/ai-reply/AI-Reply/build/SimDerivedData/ModuleCache.noindex/UIUtilities-2AI8ZVGGKC79XM1VKBF3YBP4E.pcm

SwiftExplicitDependencyGeneratePcm arm64 /Users/yerekyerkinbekuly/ai-reply/AI-Reply/build/SimDerivedData/ModuleCache.noindex/OSLog-B7SE8FMGU0AYIWNDZ2ELCH4LI.pcm

SwiftExplicitDependencyGeneratePcm arm64 /Users/yerekyerkinbekuly/ai-reply/AI-Reply/build/SimDerivedData/ModuleCache.noindex/OpenGLES-2SKIJ9X40S0LSGW1PFMQ1E2N9.pcm

SwiftExplicitDependencyGeneratePcm arm64 /Users/yerekyerkinbekuly/ai-reply/AI-Reply/build/SimDerivedData/ModuleCache.noindex/CoreTransferable-2Q6U57L4EAJDG1E3CD5724549.pcm

SwiftExplicitDependencyGeneratePcm arm64 /Users/yerekyerkinbekuly/ai-reply/AI-Reply/build/SimDerivedData/ModuleCache.noindex/UniformTypeIdentifiers-6G7GZ33DENXBTNZ1WKLOLYGD0.pcm

SwiftExplicitDependencyGeneratePcm arm64 /Users/yerekyerkinbekuly/ai-reply/AI-Reply/build/SimDerivedData/ModuleCache.noindex/UserNotifications-6E0ZV260M9L8NN5C1PAKNNV9W.pcm

SwiftExplicitDependencyGeneratePcm arm64 /Users/yerekyerkinbekuly/ai-reply/AI-Reply/build/SimDerivedData/ModuleCache.noindex/Metal-1LIGZTOGM1EZJ7C7CH4VZYBPB.pcm

SwiftExplicitDependencyGeneratePcm arm64 /Users/yerekyerkinbekuly/ai-reply/AI-Reply/build/SimDerivedData/ModuleCache.noindex/CoreVideo-2I48XBJUZIFKSOHCDIBW4H2RA.pcm

SwiftExplicitDependencyGeneratePcm arm64 /Users/yerekyerkinbekuly/ai-reply/AI-Reply/build/SimDerivedData/ModuleCache.noindex/QuartzCore-B8H01PHSSDRMIEM2PC9VTFK7E.pcm

SwiftExplicitDependencyGeneratePcm arm64 /Users/yerekyerkinbekuly/ai-reply/AI-Reply/build/SimDerivedData/ModuleCache.noindex/CoreImage-5IP4EYZBDN0MA5BVJL4H8Q0V1.pcm

SwiftExplicitDependencyGeneratePcm arm64 /Users/yerekyerkinbekuly/ai-reply/AI-Reply/build/SimDerivedData/ModuleCache.noindex/SwiftUICore-AA3SU42XDWW8V1LQK5X68YJVO.pcm

SwiftExplicitDependencyGeneratePcm arm64 /Users/yerekyerkinbekuly/ai-reply/AI-Reply/build/SimDerivedData/ModuleCache.noindex/UIKit-CDKYAU0JUR87MOCJ4JHHDX4FI.pcm

SwiftEmitModule normal arm64 Emitting\ module\ for\ ReplyKeyboardExtension (in target 'ReplyKeyboard' from project 'AIReply')

EmitSwiftModule normal arm64 (in target 'ReplyKeyboard' from project 'AIReply')
    cd /Users/yerekyerkinbekuly/ai-reply/AI-Reply
    
/Users/yerekyerkinbekuly/ai-reply/AI-Reply/Shared/Account/AccountService.swift:105:5: warning: '@discardableResult' declared on a function returning 'Void' is unnecessary
    @discardableResult
    ^~~~~~~~~~~~~~~~~~
    

SwiftCompile normal arm64 Compiling\ DirectOpenAITransport.swift,\ KeyButton.swift,\ KeyboardActionBar.swift,\ KeyboardLanguage.swift /Users/yerekyerkinbekuly/ai-reply/AI-Reply/Shared/AI/DirectOpenAITransport.swift /Users/yerekyerkinbekuly/ai-reply/AI-Reply/ReplyKeyboard/KeyButton.swift /Users/yerekyerkinbekuly/ai-reply/AI-Reply/ReplyKeyboard/KeyboardActionBar.swift /Users/yerekyerkinbekuly/ai-reply/AI-Reply/Shared/Model/KeyboardLanguage.swift (in target 'ReplyKeyboard' from project 'AIReply')
SwiftCompile normal arm64 /Users/yerekyerkinbekuly/ai-reply/AI-Reply/Shared/AI/DirectOpenAITransport.swift (in target 'ReplyKeyboard' from project 'AIReply')
    cd /Users/yerekyerkinbekuly/ai-reply/AI-Reply
    

SwiftCompile normal arm64 /Users/yerekyerkinbekuly/ai-reply/AI-Reply/ReplyKeyboard/KeyButton.swift (in target 'ReplyKeyboard' from project 'AIReply')
    cd /Users/yerekyerkinbekuly/ai-reply/AI-Reply
    

SwiftCompile normal arm64 /Users/yerekyerkinbekuly/ai-reply/AI-Reply/ReplyKeyboard/KeyboardActionBar.swift (in target 'ReplyKeyboard' from project 'AIReply')
    cd /Users/yerekyerkinbekuly/ai-reply/AI-Reply
    

SwiftCompile normal arm64 /Users/yerekyerkinbekuly/ai-reply/AI-Reply/Shared/Model/KeyboardLanguage.swift (in target 'ReplyKeyboard' from project 'AIReply')
    cd /Users/yerekyerkinbekuly/ai-reply/AI-Reply
    

SwiftCompile normal arm64 Compiling\ AIReplyError.swift,\ AIReplyService.swift,\ AIReplyStrings.swift,\ AppGroup.swift /Users/yerekyerkinbekuly/ai-reply/AI-Reply/Shared/AI/AIReplyError.swift /Users/yerekyerkinbekuly/ai-reply/AI-Reply/Shared/AI/AIReplyService.swift /Users/yerekyerkinbekuly/ai-reply/AI-Reply/Shared/AI/AIReplyStrings.swift /Users/yerekyerkinbekuly/ai-reply/AI-Reply/Shared/AppGroup.swift (in target 'ReplyKeyboard' from project 'AIReply')

SwiftCompile normal arm64 /Users/yerekyerkinbekuly/ai-reply/AI-Reply/Shared/AI/AIReplyError.swift (in target 'ReplyKeyboard' from project 'AIReply')
    cd /Users/yerekyerkinbekuly/ai-reply/AI-Reply
    

SwiftCompile normal arm64 /Users/yerekyerkinbekuly/ai-reply/AI-Reply/Shared/AI/AIReplyService.swift (in target 'ReplyKeyboard' from project 'AIReply')
    cd /Users/yerekyerkinbekuly/ai-reply/AI-Reply
    

SwiftCompile normal arm64 /Users/yerekyerkinbekuly/ai-reply/AI-Reply/Shared/AI/AIReplyStrings.swift (in target 'ReplyKeyboard' from project 'AIReply')
    cd /Users/yerekyerkinbekuly/ai-reply/AI-Reply
    

SwiftCompile normal arm64 /Users/yerekyerkinbekuly/ai-reply/AI-Reply/Shared/AppGroup.swift (in target 'ReplyKeyboard' from project 'AIReply')
    cd /Users/yerekyerkinbekuly/ai-reply/AI-Reply
    

SwiftCompile normal arm64 Compiling\ AppLanguage.swift,\ BackendTransport.swift,\ BusinessContext.swift,\ CommunicationTypes.swift /Users/yerekyerkinbekuly/ai-reply/AI-Reply/Shared/AppLanguage.swift /Users/yerekyerkinbekuly/ai-reply/AI-Reply/Shared/AI/BackendTransport.swift /Users/yerekyerkinbekuly/ai-reply/AI-Reply/Shared/Model/BusinessContext.swift /Users/yerekyerkinbekuly/ai-reply/AI-Reply/Shared/Model/CommunicationTypes.swift (in target 'ReplyKeyboard' from project 'AIReply')

SwiftCompile normal arm64 /Users/yerekyerkinbekuly/ai-reply/AI-Reply/Shared/AppLanguage.swift (in target 'ReplyKeyboard' from project 'AIReply')
    cd /Users/yerekyerkinbekuly/ai-reply/AI-Reply
    

SwiftCompile normal arm64 /Users/yerekyerkinbekuly/ai-reply/AI-Reply/Shared/AI/BackendTransport.swift (in target 'ReplyKeyboard' from project 'AIReply')
    cd /Users/yerekyerkinbekuly/ai-reply/AI-Reply
    

SwiftCompile normal arm64 /Users/yerekyerkinbekuly/ai-reply/AI-Reply/Shared/Model/BusinessContext.swift (in target 'ReplyKeyboard' from project 'AIReply')
    cd /Users/yerekyerkinbekuly/ai-reply/AI-Reply
    

SwiftCompile normal arm64 /Users/yerekyerkinbekuly/ai-reply/AI-Reply/Shared/Model/CommunicationTypes.swift (in target 'ReplyKeyboard' from project 'AIReply')
    cd /Users/yerekyerkinbekuly/ai-reply/AI-Reply
    

SwiftCompile normal arm64 Compiling\ ReplyTemplate.swift,\ ReplyTransport.swift,\ SecureCredentialStore.swift /Users/yerekyerkinbekuly/ai-reply/AI-Reply/Shared/Model/ReplyTemplate.swift /Users/yerekyerkinbekuly/ai-reply/AI-Reply/Shared/AI/ReplyTransport.swift /Users/yerekyerkinbekuly/ai-reply/AI-Reply/Shared/AI/SecureCredentialStore.swift (in target 'ReplyKeyboard' from project 'AIReply')

SwiftCompile normal arm64 /Users/yerekyerkinbekuly/ai-reply/AI-Reply/Shared/Model/ReplyTemplate.swift (in target 'ReplyKeyboard' from project 'AIReply')
    cd /Users/yerekyerkinbekuly/ai-reply/AI-Reply
    

SwiftCompile normal arm64 /Users/yerekyerkinbekuly/ai-reply/AI-Reply/Shared/AI/ReplyTransport.swift (in target 'ReplyKeyboard' from project 'AIReply')
    cd /Users/yerekyerkinbekuly/ai-reply/AI-Reply
    

SwiftCompile normal arm64 /Users/yerekyerkinbekuly/ai-reply/AI-Reply/Shared/AI/SecureCredentialStore.swift (in target 'ReplyKeyboard' from project 'AIReply')
    cd /Users/yerekyerkinbekuly/ai-reply/AI-Reply
    

SwiftCompile normal arm64 Compiling\ AccountService.swift,\ AccountSession.swift,\ AccountUsageCache.swift,\ AIConfiguration.swift /Users/yerekyerkinbekuly/ai-reply/AI-Reply/Shared/Account/AccountService.swift /Users/yerekyerkinbekuly/ai-reply/AI-Reply/Shared/Account/AccountSession.swift /Users/yerekyerkinbekuly/ai-reply/AI-Reply/Shared/Account/AccountUsageCache.swift /Users/yerekyerkinbekuly/ai-reply/AI-Reply/Shared/AI/AIConfiguration.swift (in target 'ReplyKeyboard' from project 'AIReply')

SwiftCompile normal arm64 /Users/yerekyerkinbekuly/ai-reply/AI-Reply/Shared/Account/AccountService.swift (in target 'ReplyKeyboard' from project 'AIReply')
    cd /Users/yerekyerkinbekuly/ai-reply/AI-Reply
    
/Users/yerekyerkinbekuly/ai-reply/AI-Reply/Shared/Account/AccountService.swift:105:5: warning: '@discardableResult' declared on a function returning 'Void' is unnecessary
    @discardableResult
    ^~~~~~~~~~~~~~~~~~
    

SwiftCompile normal arm64 /Users/yerekyerkinbekuly/ai-reply/AI-Reply/Shared/Account/AccountSession.swift (in target 'ReplyKeyboard' from project 'AIReply')
    cd /Users/yerekyerkinbekuly/ai-reply/AI-Reply
    
/Users/yerekyerkinbekuly/ai-reply/AI-Reply/Shared/Account/AccountSession.swift:38:28: warning: no 'async' operations occur within 'await' expression
            defer { Task { await self.clearRefreshTask() } }
                           ^

SwiftCompile normal arm64 /Users/yerekyerkinbekuly/ai-reply/AI-Reply/Shared/Account/AccountUsageCache.swift (in target 'ReplyKeyboard' from project 'AIReply')
    cd /Users/yerekyerkinbekuly/ai-reply/AI-Reply
    

SwiftCompile normal arm64 /Users/yerekyerkinbekuly/ai-reply/AI-Reply/Shared/AI/AIConfiguration.swift (in target 'ReplyKeyboard' from project 'AIReply')
    cd /Users/yerekyerkinbekuly/ai-reply/AI-Reply
    

SwiftCompile normal arm64 Compiling\ SharedSettings.swift,\ TemplateBarView.swift,\ TemplateSummary.swift /Users/yerekyerkinbekuly/ai-reply/AI-Reply/Shared/SharedSettings.swift /Users/yerekyerkinbekuly/ai-reply/AI-Reply/ReplyKeyboard/TemplateBarView.swift /Users/yerekyerkinbekuly/ai-reply/AI-Reply/Shared/Model/TemplateSummary.swift (in target 'ReplyKeyboard' from project 'AIReply')
SwiftCompile normal arm64 /Users/yerekyerkinbekuly/ai-reply/AI-Reply/Shared/SharedSettings.swift (in target 'ReplyKeyboard' from project 'AIReply')
    cd /Users/yerekyerkinbekuly/ai-reply/AI-Reply
    

SwiftCompile normal arm64 /Users/yerekyerkinbekuly/ai-reply/AI-Reply/ReplyKeyboard/TemplateBarView.swift (in target 'ReplyKeyboard' from project 'AIReply')
    cd /Users/yerekyerkinbekuly/ai-reply/AI-Reply
    

SwiftCompile normal arm64 /Users/yerekyerkinbekuly/ai-reply/AI-Reply/Shared/Model/TemplateSummary.swift (in target 'ReplyKeyboard' from project 'AIReply')
    cd /Users/yerekyerkinbekuly/ai-reply/AI-Reply
    

SwiftCompile normal arm64 Compiling\ KeyboardStrings.swift,\ KeyboardTheme.swift,\ KeyboardViewController.swift,\ ProfileStore.swift /Users/yerekyerkinbekuly/ai-reply/AI-Reply/ReplyKeyboard/KeyboardStrings.swift /Users/yerekyerkinbekuly/ai-reply/AI-Reply/ReplyKeyboard/KeyboardTheme.swift /Users/yerekyerkinbekuly/ai-reply/AI-Reply/ReplyKeyboard/KeyboardViewController.swift /Users/yerekyerkinbekuly/ai-reply/AI-Reply/Shared/Model/ProfileStore.swift (in target 'ReplyKeyboard' from project 'AIReply')

SwiftCompile normal arm64 /Users/yerekyerkinbekuly/ai-reply/AI-Reply/ReplyKeyboard/KeyboardStrings.swift (in target 'ReplyKeyboard' from project 'AIReply')
    cd /Users/yerekyerkinbekuly/ai-reply/AI-Reply
    

SwiftCompile normal arm64 /Users/yerekyerkinbekuly/ai-reply/AI-Reply/ReplyKeyboard/KeyboardTheme.swift (in target 'ReplyKeyboard' from project 'AIReply')
    cd /Users/yerekyerkinbekuly/ai-reply/AI-Reply
    

SwiftCompile normal arm64 /Users/yerekyerkinbekuly/ai-reply/AI-Reply/ReplyKeyboard/KeyboardViewController.swift (in target 'ReplyKeyboard' from project 'AIReply')
    cd /Users/yerekyerkinbekuly/ai-reply/AI-Reply
    

SwiftCompile normal arm64 /Users/yerekyerkinbekuly/ai-reply/AI-Reply/Shared/Model/ProfileStore.swift (in target 'ReplyKeyboard' from project 'AIReply')
    cd /Users/yerekyerkinbekuly/ai-reply/AI-Reply
    

SwiftCompile normal arm64 Compiling\ UserProfile.swift,\ VoiceConfigurationParser.swift,\ WorkingHours.swift /Users/yerekyerkinbekuly/ai-reply/AI-Reply/Shared/Model/UserProfile.swift /Users/yerekyerkinbekuly/ai-reply/AI-Reply/Shared/VoiceConfigurationParser.swift /Users/yerekyerkinbekuly/ai-reply/AI-Reply/Shared/Model/WorkingHours.swift (in target 'ReplyKeyboard' from project 'AIReply')

SwiftCompile normal arm64 /Users/yerekyerkinbekuly/ai-reply/AI-Reply/Shared/Model/UserProfile.swift (in target 'ReplyKeyboard' from project 'AIReply')
    cd /Users/yerekyerkinbekuly/ai-reply/AI-Reply
    

SwiftCompile normal arm64 /Users/yerekyerkinbekuly/ai-reply/AI-Reply/Shared/VoiceConfigurationParser.swift (in target 'ReplyKeyboard' from project 'AIReply')
    cd /Users/yerekyerkinbekuly/ai-reply/AI-Reply
    

SwiftCompile normal arm64 /Users/yerekyerkinbekuly/ai-reply/AI-Reply/Shared/Model/WorkingHours.swift (in target 'ReplyKeyboard' from project 'AIReply')
    cd /Users/yerekyerkinbekuly/ai-reply/AI-Reply
    

SwiftCompile normal arm64 Compiling\ ReplyComposerView.swift,\ ReplyContext.swift,\ ReplyDraftNormalizer.swift,\ ReplyPromptBuilder.swift /Users/yerekyerkinbekuly/ai-reply/AI-Reply/ReplyKeyboard/ReplyComposerView.swift /Users/yerekyerkinbekuly/ai-reply/AI-Reply/ReplyKeyboard/ReplyContext.swift /Users/yerekyerkinbekuly/ai-reply/AI-Reply/Shared/AI/ReplyDraftNormalizer.swift /Users/yerekyerkinbekuly/ai-reply/AI-Reply/Shared/AI/ReplyPromptBuilder.swift (in target 'ReplyKeyboard' from project 'AIReply')

SwiftCompile normal arm64 /Users/yerekyerkinbekuly/ai-reply/AI-Reply/ReplyKeyboard/ReplyComposerView.swift (in target 'ReplyKeyboard' from project 'AIReply')
    cd /Users/yerekyerkinbekuly/ai-reply/AI-Reply
    

SwiftCompile normal arm64 /Users/yerekyerkinbekuly/ai-reply/AI-Reply/ReplyKeyboard/ReplyContext.swift (in target 'ReplyKeyboard' from project 'AIReply')
    cd /Users/yerekyerkinbekuly/ai-reply/AI-Reply
    

SwiftCompile normal arm64 /Users/yerekyerkinbekuly/ai-reply/AI-Reply/Shared/AI/ReplyDraftNormalizer.swift (in target 'ReplyKeyboard' from project 'AIReply')
    cd /Users/yerekyerkinbekuly/ai-reply/AI-Reply
    

SwiftCompile normal arm64 /Users/yerekyerkinbekuly/ai-reply/AI-Reply/Shared/AI/ReplyPromptBuilder.swift (in target 'ReplyKeyboard' from project 'AIReply')
    cd /Users/yerekyerkinbekuly/ai-reply/AI-Reply
    

SwiftCompile normal arm64 Compiling\ APIClient.swift,\ AccountCredentials.swift,\ AccountModels.swift,\ AccountReplyTransport.swift /Users/yerekyerkinbekuly/ai-reply/AI-Reply/Shared/Account/APIClient.swift /Users/yerekyerkinbekuly/ai-reply/AI-Reply/Shared/Account/AccountCredentials.swift /Users/yerekyerkinbekuly/ai-reply/AI-Reply/Shared/Account/AccountModels.swift /Users/yerekyerkinbekuly/ai-reply/AI-Reply/Shared/Account/AccountReplyTransport.swift (in target 'ReplyKeyboard' from project 'AIReply')

SwiftCompile normal arm64 /Users/yerekyerkinbekuly/ai-reply/AI-Reply/Shared/Account/APIClient.swift (in target 'ReplyKeyboard' from project 'AIReply')
    cd /Users/yerekyerkinbekuly/ai-reply/AI-Reply
    

SwiftCompile normal arm64 /Users/yerekyerkinbekuly/ai-reply/AI-Reply/Shared/Account/AccountCredentials.swift (in target 'ReplyKeyboard' from project 'AIReply')
    cd /Users/yerekyerkinbekuly/ai-reply/AI-Reply
    

SwiftCompile normal arm64 /Users/yerekyerkinbekuly/ai-reply/AI-Reply/Shared/Account/AccountModels.swift (in target 'ReplyKeyboard' from project 'AIReply')
    cd /Users/yerekyerkinbekuly/ai-reply/AI-Reply
    

SwiftCompile normal arm64 /Users/yerekyerkinbekuly/ai-reply/AI-Reply/Shared/Account/AccountReplyTransport.swift (in target 'ReplyKeyboard' from project 'AIReply')
    cd /Users/yerekyerkinbekuly/ai-reply/AI-Reply
    

SwiftDriverJobDiscovery normal arm64 Emitting module for ReplyKeyboardExtension (in target 'ReplyKeyboard' from project 'AIReply')

SwiftDriver\ Compilation\ Requirements ReplyKeyboard normal arm64 com.apple.xcode.tools.swift.compiler (in target 'ReplyKeyboard' from project 'AIReply')
    cd /Users/yerekyerkinbekuly/ai-reply/AI-Reply
    builtin-Swift-Compilation-Requirements -- /Applications/Xcode.app/Contents/Developer/Toolchains/XcodeDefault.xctoolchain/usr/bin/swiftc -module-name ReplyKeyboardExtension -Onone @/Users/yerekyerkinbekuly/ai-reply/AI-Reply/build/SimDerivedData/Build/Intermediates.noindex/AIReply.build/Debug-iphonesimulator/ReplyKeyboard.build/Objects-normal/arm64/ReplyKeyboardExtension.SwiftFileList -DDEBUG -enable-bare-slash-regex -enable-experimental-feature DebugDescriptionMacro -sdk /Applications/Xcode.app/Contents/Developer/Platforms/iPhoneSimulator.platform/Developer/SDKs/iPhoneSimulator26.5.sdk -target arm64-apple-ios17.0-simulator -g -module-cache-path /Users/yerekyerkinbekuly/ai-reply/AI-Reply/build/SimDerivedData/ModuleCache.noindex -Xfrontend -serialize-debugging-options -application-extension -enable-testing -index-store-path /Users/yerekyerkinbekuly/ai-reply/AI-Reply/build/SimDerivedData/Index.noindex/DataStore -Xcc -D_LIBCPP_HARDENING_MODE\=_LIBCPP_HARDENING_MODE_DEBUG -swift-version 5 -I /Users/yerekyerkinbekuly/ai-reply/AI-Reply/build/SimDerivedData/Build/Products/Debug-iphonesimulator -F /Users/yerekyerkinbekuly/ai-reply/AI-Reply/build/SimDerivedData/Build/Products/Debug-iphonesimulator -c -j10 -enable-batch-mode -incremental -Xcc -ivfsstatcache -Xcc /Users/yerekyerkinbekuly/ai-reply/AI-Reply/build/SimDerivedData/SDKStatCaches.noindex/iphonesimulator26.5-23F81a-6cfe768891a92b912361537c460fe42b.sdkstatcache -output-file-map /Users/yerekyerkinbekuly/ai-reply/AI-Reply/build/SimDerivedData/Build/Intermediates.noindex/AIReply.build/Debug-iphonesimulator/ReplyKeyboard.build/Objects-normal/arm64/ReplyKeyboard-OutputFileMap.json -use-frontend-parseable-output -save-temps -no-color-diagnostics -explicit-module-build -module-cache-path /Users/yerekyerkinbekuly/ai-reply/AI-Reply/build/SimDerivedData/Build/Intermediates.noindex/SwiftExplicitPrecompiledModules -clang-scanner-module-cache-path /Users/yerekyerkinbekuly/ai-reply/AI-Reply/build/SimDerivedData/ModuleCache.noindex -sdk-module-cache-path /Users/yerekyerkinbekuly/ai-reply/AI-Reply/build/SimDerivedData/ModuleCache.noindex -serialize-diagnostics -emit-dependencies -emit-module -emit-module-path /Users/yerekyerkinbekuly/ai-reply/AI-Reply/build/SimDerivedData/Build/Intermediates.noindex/AIReply.build/Debug-iphonesimulator/ReplyKeyboard.build/Objects-normal/arm64/ReplyKeyboardExtension.swiftmodule -validate-clang-modules-once -clang-build-session-file /Users/yerekyerkinbekuly/ai-reply/AI-Reply/build/SimDerivedData/ModuleCache.noindex/Session.modulevalidation -Xcc -I/Users/yerekyerkinbekuly/ai-reply/AI-Reply/build/SimDerivedData/Build/Intermediates.noindex/AIReply.build/Debug-iphonesimulator/ReplyKeyboard.build/swift-overrides.hmap -emit-const-values -Xfrontend -const-gather-protocols-file -Xfrontend /Users/yerekyerkinbekuly/ai-reply/AI-Reply/build/SimDerivedData/Build/Intermediates.noindex/AIReply.build/Debug-iphonesimulator/ReplyKeyboard.build/Objects-normal/arm64/ReplyKeyboard_const_extract_protocols.json -Xcc -iquote -Xcc /Users/yerekyerkinbekuly/ai-reply/AI-Reply/build/SimDerivedData/Build/Intermediates.noindex/AIReply.build/Debug-iphonesimulator/ReplyKeyboard.build/ReplyKeyboardExtension-generated-files.hmap -Xcc -I/Users/yerekyerkinbekuly/ai-reply/AI-Reply/build/SimDerivedData/Build/Intermediates.noindex/AIReply.build/Debug-iphonesimulator/ReplyKeyboard.build/ReplyKeyboardExtension-own-target-headers.hmap -Xcc -I/Users/yerekyerkinbekuly/ai-reply/AI-Reply/build/SimDerivedData/Build/Intermediates.noindex/AIReply.build/Debug-iphonesimulator/ReplyKeyboard.build/ReplyKeyboardExtension-all-target-headers.hmap -Xcc -iquote -Xcc /Users/yerekyerkinbekuly/ai-reply/AI-Reply/build/SimDerivedData/Build/Intermediates.noindex/AIReply.build/Debug-iphonesimulator/ReplyKeyboard.build/ReplyKeyboardExtension-project-headers.hmap -Xcc -I/Users/yerekyerkinbekuly/ai-reply/AI-Reply/build/SimDerivedData/Build/Products/Debug-iphonesimulator/include -Xcc -I/Users/yerekyerkinbekuly/ai-reply/AI-Reply/build/SimDerivedData/Build/Intermediates.noindex/AIReply.build/Debug-iphonesimulator/ReplyKeyboard.build/DerivedSources-normal/arm64 -Xcc -I/Users/yerekyerkinbekuly/ai-reply/AI-Reply/build/SimDerivedData/Build/Intermediates.noindex/AIReply.build/Debug-iphonesimulator/ReplyKeyboard.build/DerivedSources/arm64 -Xcc -I/Users/yerekyerkinbekuly/ai-reply/AI-Reply/build/SimDerivedData/Build/Intermediates.noindex/AIReply.build/Debug-iphonesimulator/ReplyKeyboard.build/DerivedSources -Xcc -DDEBUG\=1 -emit-objc-header -emit-objc-header-path /Users/yerekyerkinbekuly/ai-reply/AI-Reply/build/SimDerivedData/Build/Intermediates.noindex/AIReply.build/Debug-iphonesimulator/ReplyKeyboard.build/Objects-normal/arm64/ReplyKeyboardExtension-Swift.h -working-directory /Users/yerekyerkinbekuly/ai-reply/AI-Reply -experimental-emit-module-separately -disable-cmo

SwiftDriverJobDiscovery normal arm64 Compiling ReplyTemplate.swift, ReplyTransport.swift, SecureCredentialStore.swift (in target 'ReplyKeyboard' from project 'AIReply')

SwiftMergeGeneratedHeaders /Users/yerekyerkinbekuly/ai-reply/AI-Reply/build/SimDerivedData/Build/Intermediates.noindex/AIReply.build/Debug-iphonesimulator/ReplyKeyboard.build/DerivedSources/ReplyKeyboardExtension-Swift.h /Users/yerekyerkinbekuly/ai-reply/AI-Reply/build/SimDerivedData/Build/Intermediates.noindex/AIReply.build/Debug-iphonesimulator/ReplyKeyboard.build/Objects-normal/arm64/ReplyKeyboardExtension-Swift.h (in target 'ReplyKeyboard' from project 'AIReply')
    cd /Users/yerekyerkinbekuly/ai-reply/AI-Reply
    builtin-swiftHeaderTool -arch arm64 /Users/yerekyerkinbekuly/ai-reply/AI-Reply/build/SimDerivedData/Build/Intermediates.noindex/AIReply.build/Debug-iphonesimulator/ReplyKeyboard.build/Objects-normal/arm64/ReplyKeyboardExtension-Swift.h -o /Users/yerekyerkinbekuly/ai-reply/AI-Reply/build/SimDerivedData/Build/Intermediates.noindex/AIReply.build/Debug-iphonesimulator/ReplyKeyboard.build/DerivedSources/ReplyKeyboardExtension-Swift.h

Copy /Users/yerekyerkinbekuly/ai-reply/AI-Reply/build/SimDerivedData/Build/Products/Debug-iphonesimulator/ReplyKeyboardExtension.swiftmodule/arm64-apple-ios-simulator.swiftmodule /Users/yerekyerkinbekuly/ai-reply/AI-Reply/build/SimDerivedData/Build/Intermediates.noindex/AIReply.build/Debug-iphonesimulator/ReplyKeyboard.build/Objects-normal/arm64/ReplyKeyboardExtension.swiftmodule (in target 'ReplyKeyboard' from project 'AIReply')
    cd /Users/yerekyerkinbekuly/ai-reply/AI-Reply
    builtin-copy -exclude .DS_Store -exclude CVS -exclude .svn -exclude .git -exclude .hg -resolve-src-symlinks -rename /Users/yerekyerkinbekuly/ai-reply/AI-Reply/build/SimDerivedData/Build/Intermediates.noindex/AIReply.build/Debug-iphonesimulator/ReplyKeyboard.build/Objects-normal/arm64/ReplyKeyboardExtension.swiftmodule /Users/yerekyerkinbekuly/ai-reply/AI-Reply/build/SimDerivedData/Build/Products/Debug-iphonesimulator/ReplyKeyboardExtension.swiftmodule/arm64-apple-ios-simulator.swiftmodule

Copy /Users/yerekyerkinbekuly/ai-reply/AI-Reply/build/SimDerivedData/Build/Products/Debug-iphonesimulator/ReplyKeyboardExtension.swiftmodule/arm64-apple-ios-simulator.swiftdoc /Users/yerekyerkinbekuly/ai-reply/AI-Reply/build/SimDerivedData/Build/Intermediates.noindex/AIReply.build/Debug-iphonesimulator/ReplyKeyboard.build/Objects-normal/arm64/ReplyKeyboardExtension.swiftdoc (in target 'ReplyKeyboard' from project 'AIReply')
    cd /Users/yerekyerkinbekuly/ai-reply/AI-Reply
    builtin-copy -exclude .DS_Store -exclude CVS -exclude .svn -exclude .git -exclude .hg -resolve-src-symlinks -rename /Users/yerekyerkinbekuly/ai-reply/AI-Reply/build/SimDerivedData/Build/Intermediates.noindex/AIReply.build/Debug-iphonesimulator/ReplyKeyboard.build/Objects-normal/arm64/ReplyKeyboardExtension.swiftdoc /Users/yerekyerkinbekuly/ai-reply/AI-Reply/build/SimDerivedData/Build/Products/Debug-iphonesimulator/ReplyKeyboardExtension.swiftmodule/arm64-apple-ios-simulator.swiftdoc

SwiftDriverJobDiscovery normal arm64 Compiling UserProfile.swift, VoiceConfigurationParser.swift, WorkingHours.swift (in target 'ReplyKeyboard' from project 'AIReply')

Copy /Users/yerekyerkinbekuly/ai-reply/AI-Reply/build/SimDerivedData/Build/Products/Debug-iphonesimulator/ReplyKeyboardExtension.swiftmodule/arm64-apple-ios-simulator.abi.json /Users/yerekyerkinbekuly/ai-reply/AI-Reply/build/SimDerivedData/Build/Intermediates.noindex/AIReply.build/Debug-iphonesimulator/ReplyKeyboard.build/Objects-normal/arm64/ReplyKeyboardExtension.abi.json (in target 'ReplyKeyboard' from project 'AIReply')
    cd /Users/yerekyerkinbekuly/ai-reply/AI-Reply
    builtin-copy -exclude .DS_Store -exclude CVS -exclude .svn -exclude .git -exclude .hg -resolve-src-symlinks -rename /Users/yerekyerkinbekuly/ai-reply/AI-Reply/build/SimDerivedData/Build/Intermediates.noindex/AIReply.build/Debug-iphonesimulator/ReplyKeyboard.build/Objects-normal/arm64/ReplyKeyboardExtension.abi.json /Users/yerekyerkinbekuly/ai-reply/AI-Reply/build/SimDerivedData/Build/Products/Debug-iphonesimulator/ReplyKeyboardExtension.swiftmodule/arm64-apple-ios-simulator.abi.json

Copy /Users/yerekyerkinbekuly/ai-reply/AI-Reply/build/SimDerivedData/Build/Products/Debug-iphonesimulator/ReplyKeyboardExtension.swiftmodule/Project/arm64-apple-ios-simulator.swiftsourceinfo /Users/yerekyerkinbekuly/ai-reply/AI-Reply/build/SimDerivedData/Build/Intermediates.noindex/AIReply.build/Debug-iphonesimulator/ReplyKeyboard.build/Objects-normal/arm64/ReplyKeyboardExtension.swiftsourceinfo (in target 'ReplyKeyboard' from project 'AIReply')
    cd /Users/yerekyerkinbekuly/ai-reply/AI-Reply
    builtin-copy -exclude .DS_Store -exclude CVS -exclude .svn -exclude .git -exclude .hg -resolve-src-symlinks -rename /Users/yerekyerkinbekuly/ai-reply/AI-Reply/build/SimDerivedData/Build/Intermediates.noindex/AIReply.build/Debug-iphonesimulator/ReplyKeyboard.build/Objects-normal/arm64/ReplyKeyboardExtension.swiftsourceinfo /Users/yerekyerkinbekuly/ai-reply/AI-Reply/build/SimDerivedData/Build/Products/Debug-iphonesimulator/ReplyKeyboardExtension.swiftmodule/Project/arm64-apple-ios-simulator.swiftsourceinfo

SwiftDriverJobDiscovery normal arm64 Compiling AIReplyError.swift, AIReplyService.swift, AIReplyStrings.swift, AppGroup.swift (in target 'ReplyKeyboard' from project 'AIReply')

SwiftDriverJobDiscovery normal arm64 Compiling AccountService.swift, AccountSession.swift, AccountUsageCache.swift, AIConfiguration.swift (in target 'ReplyKeyboard' from project 'AIReply')

SwiftDriverJobDiscovery normal arm64 Compiling APIClient.swift, AccountCredentials.swift, AccountModels.swift, AccountReplyTransport.swift (in target 'ReplyKeyboard' from project 'AIReply')

SwiftDriverJobDiscovery normal arm64 Compiling AppLanguage.swift, BackendTransport.swift, BusinessContext.swift, CommunicationTypes.swift (in target 'ReplyKeyboard' from project 'AIReply')

MkDir /Users/yerekyerkinbekuly/ai-reply/AI-Reply/build/SimDerivedData/Build/Intermediates.noindex/AIReply.build/Debug-iphonesimulator/AIReply.build/assetcatalog_output/thinned (in target 'AIReply' from project 'AIReply')
    cd /Users/yerekyerkinbekuly/ai-reply/AI-Reply
    /bin/mkdir -p /Users/yerekyerkinbekuly/ai-reply/AI-Reply/build/SimDerivedData/Build/Intermediates.noindex/AIReply.build/Debug-iphonesimulator/AIReply.build/assetcatalog_output/thinned

MkDir /Users/yerekyerkinbekuly/ai-reply/AI-Reply/build/SimDerivedData/Build/Intermediates.noindex/AIReply.build/Debug-iphonesimulator/AIReply.build/assetcatalog_output/unthinned (in target 'AIReply' from project 'AIReply')
    cd /Users/yerekyerkinbekuly/ai-reply/AI-Reply
    /bin/mkdir -p /Users/yerekyerkinbekuly/ai-reply/AI-Reply/build/SimDerivedData/Build/Intermediates.noindex/AIReply.build/Debug-iphonesimulator/AIReply.build/assetcatalog_output/unthinned

GenerateAssetSymbols /Users/yerekyerkinbekuly/ai-reply/AI-Reply/AIReply/Resources/Assets.xcassets (in target 'AIReply' from project 'AIReply')
    cd /Users/yerekyerkinbekuly/ai-reply/AI-Reply
    /Applications/Xcode.app/Contents/Developer/usr/bin/actool /Users/yerekyerkinbekuly/ai-reply/AI-Reply/AIReply/Resources/Assets.xcassets --compile /Users/yerekyerkinbekuly/ai-reply/AI-Reply/build/SimDerivedData/Build/Products/Debug-iphonesimulator/AIReply.app --output-format human-readable-text --notices --warnings --export-dependency-info /Users/yerekyerkinbekuly/ai-reply/AI-Reply/build/SimDerivedData/Build/Intermediates.noindex/AIReply.build/Debug-iphonesimulator/AIReply.build/assetcatalog_dependencies --output-partial-info-plist /Users/yerekyerkinbekuly/ai-reply/AI-Reply/build/SimDerivedData/Build/Intermediates.noindex/AIReply.build/Debug-iphonesimulator/AIReply.build/assetcatalog_generated_info.plist --app-icon AppIcon --compress-pngs --enable-on-demand-resources YES --development-region en --target-device iphone --minimum-deployment-target 17.0 --platform iphonesimulator --bundle-identifier kz.yerek.replykeyboard --generate-swift-asset-symbol-extensions NO --generate-swift-asset-symbols /Users/yerekyerkinbekuly/ai-reply/AI-Reply/build/SimDerivedData/Build/Intermediates.noindex/AIReply.build/Debug-iphonesimulator/AIReply.build/DerivedSources/GeneratedAssetSymbols.swift --generate-objc-asset-symbols /Users/yerekyerkinbekuly/ai-reply/AI-Reply/build/SimDerivedData/Build/Intermediates.noindex/AIReply.build/Debug-iphonesimulator/AIReply.build/DerivedSources/GeneratedAssetSymbols.h --generate-asset-symbol-index /Users/yerekyerkinbekuly/ai-reply/AI-Reply/build/SimDerivedData/Build/Intermediates.noindex/AIReply.build/Debug-iphonesimulator/AIReply.build/DerivedSources/GeneratedAssetSymbols-Index.plist
/* com.apple.actool.compilation-results */
/Users/yerekyerkinbekuly/ai-reply/AI-Reply/build/SimDerivedData/Build/Intermediates.noindex/AIReply.build/Debug-iphonesimulator/AIReply.build/DerivedSources/GeneratedAssetSymbols-Index.plist
/Users/yerekyerkinbekuly/ai-reply/AI-Reply/build/SimDerivedData/Build/Intermediates.noindex/AIReply.build/Debug-iphonesimulator/AIReply.build/DerivedSources/GeneratedAssetSymbols.h
/Users/yerekyerkinbekuly/ai-reply/AI-Reply/build/SimDerivedData/Build/Intermediates.noindex/AIReply.build/Debug-iphonesimulator/AIReply.build/DerivedSources/GeneratedAssetSymbols.swift


CompileAssetCatalogVariant thinned /Users/yerekyerkinbekuly/ai-reply/AI-Reply/build/SimDerivedData/Build/Products/Debug-iphonesimulator/AIReply.app /Users/yerekyerkinbekuly/ai-reply/AI-Reply/AIReply/Resources/Assets.xcassets (in target 'AIReply' from project 'AIReply')
    cd /Users/yerekyerkinbekuly/ai-reply/AI-Reply
    /Applications/Xcode.app/Contents/Developer/usr/bin/actool /Users/yerekyerkinbekuly/ai-reply/AI-Reply/AIReply/Resources/Assets.xcassets --compile /Users/yerekyerkinbekuly/ai-reply/AI-Reply/build/SimDerivedData/Build/Intermediates.noindex/AIReply.build/Debug-iphonesimulator/AIReply.build/assetcatalog_output/thinned --output-format human-readable-text --notices --warnings --export-dependency-info /Users/yerekyerkinbekuly/ai-reply/AI-Reply/build/SimDerivedData/Build/Intermediates.noindex/AIReply.build/Debug-iphonesimulator/AIReply.build/assetcatalog_dependencies_thinned --output-partial-info-plist /Users/yerekyerkinbekuly/ai-reply/AI-Reply/build/SimDerivedData/Build/Intermediates.noindex/AIReply.build/Debug-iphonesimulator/AIReply.build/assetcatalog_generated_info.plist_thinned --app-icon AppIcon --compress-pngs --enable-on-demand-resources YES --filter-for-thinning-device-configuration iPhone18,1 --filter-for-device-os-version 26.5 --development-region en --target-device iphone --minimum-deployment-target 17.0 --platform iphonesimulator
/* com.apple.actool.compilation-results */
/Users/yerekyerkinbekuly/ai-reply/AI-Reply/build/SimDerivedData/Build/Intermediates.noindex/AIReply.build/Debug-iphonesimulator/AIReply.build/assetcatalog_generated_info.plist_thinned
/Users/yerekyerkinbekuly/ai-reply/AI-Reply/build/SimDerivedData/Build/Intermediates.noindex/AIReply.build/Debug-iphonesimulator/AIReply.build/assetcatalog_output/thinned/AppIcon60x60@2x.png
/Users/yerekyerkinbekuly/ai-reply/AI-Reply/build/SimDerivedData/Build/Intermediates.noindex/AIReply.build/Debug-iphonesimulator/AIReply.build/assetcatalog_output/thinned/AppIcon76x76@2x~ipad.png
/Users/yerekyerkinbekuly/ai-reply/AI-Reply/build/SimDerivedData/Build/Intermediates.noindex/AIReply.build/Debug-iphonesimulator/AIReply.build/assetcatalog_output/thinned/Assets.car


SwiftDriver AIReply normal arm64 com.apple.xcode.tools.swift.compiler (in target 'AIReply' from project 'AIReply')
    cd /Users/yerekyerkinbekuly/ai-reply/AI-Reply
    builtin-SwiftDriver -- /Applications/Xcode.app/Contents/Developer/Toolchains/XcodeDefault.xctoolchain/usr/bin/swiftc -module-name AIReply -Onone @/Users/yerekyerkinbekuly/ai-reply/AI-Reply/build/SimDerivedData/Build/Intermediates.noindex/AIReply.build/Debug-iphonesimulator/AIReply.build/Objects-normal/arm64/AIReply.SwiftFileList -DDEBUG -enable-bare-slash-regex -enable-experimental-feature DebugDescriptionMacro -sdk /Applications/Xcode.app/Contents/Developer/Platforms/iPhoneSimulator.platform/Developer/SDKs/iPhoneSimulator26.5.sdk -target arm64-apple-ios17.0-simulator -g -module-cache-path /Users/yerekyerkinbekuly/ai-reply/AI-Reply/build/SimDerivedData/ModuleCache.noindex -Xfrontend -serialize-debugging-options -enable-testing -index-store-path /Users/yerekyerkinbekuly/ai-reply/AI-Reply/build/SimDerivedData/Index.noindex/DataStore -Xcc -D_LIBCPP_HARDENING_MODE\=_LIBCPP_HARDENING_MODE_DEBUG -swift-version 5 -I /Users/yerekyerkinbekuly/ai-reply/AI-Reply/build/SimDerivedData/Build/Products/Debug-iphonesimulator -F /Users/yerekyerkinbekuly/ai-reply/AI-Reply/build/SimDerivedData/Build/Products/Debug-iphonesimulator -c -j10 -enable-batch-mode -incremental -Xcc -ivfsstatcache -Xcc /Users/yerekyerkinbekuly/ai-reply/AI-Reply/build/SimDerivedData/SDKStatCaches.noindex/iphonesimulator26.5-23F81a-6cfe768891a92b912361537c460fe42b.sdkstatcache -output-file-map /Users/yerekyerkinbekuly/ai-reply/AI-Reply/build/SimDerivedData/Build/Intermediates.noindex/AIReply.build/Debug-iphonesimulator/AIReply.build/Objects-normal/arm64/AIReply-OutputFileMap.json -use-frontend-parseable-output -save-temps -no-color-diagnostics -explicit-module-build -module-cache-path /Users/yerekyerkinbekuly/ai-reply/AI-Reply/build/SimDerivedData/Build/Intermediates.noindex/SwiftExplicitPrecompiledModules -clang-scanner-module-cache-path /Users/yerekyerkinbekuly/ai-reply/AI-Reply/build/SimDerivedData/ModuleCache.noindex -sdk-module-cache-path /Users/yerekyerkinbekuly/ai-reply/AI-Reply/build/SimDerivedData/ModuleCache.noindex -serialize-diagnostics -emit-dependencies -emit-module -emit-module-path /Users/yerekyerkinbekuly/ai-reply/AI-Reply/build/SimDerivedData/Build/Intermediates.noindex/AIReply.build/Debug-iphonesimulator/AIReply.build/Objects-normal/arm64/AIReply.swiftmodule -validate-clang-modules-once -clang-build-session-file /Users/yerekyerkinbekuly/ai-reply/AI-Reply/build/SimDerivedData/ModuleCache.noindex/Session.modulevalidation -Xcc -I/Users/yerekyerkinbekuly/ai-reply/AI-Reply/build/SimDerivedData/Build/Intermediates.noindex/AIReply.build/Debug-iphonesimulator/AIReply.build/swift-overrides.hmap -emit-const-values -Xfrontend -const-gather-protocols-file -Xfrontend /Users/yerekyerkinbekuly/ai-reply/AI-Reply/build/SimDerivedData/Build/Intermediates.noindex/AIReply.build/Debug-iphonesimulator/AIReply.build/Objects-normal/arm64/AIReply_const_extract_protocols.json -Xcc -iquote -Xcc /Users/yerekyerkinbekuly/ai-reply/AI-Reply/build/SimDerivedData/Build/Intermediates.noindex/AIReply.build/Debug-iphonesimulator/AIReply.build/AIReply-generated-files.hmap -Xcc -I/Users/yerekyerkinbekuly/ai-reply/AI-Reply/build/SimDerivedData/Build/Intermediates.noindex/AIReply.build/Debug-iphonesimulator/AIReply.build/AIReply-own-target-headers.hmap -Xcc -I/Users/yerekyerkinbekuly/ai-reply/AI-Reply/build/SimDerivedData/Build/Intermediates.noindex/AIReply.build/Debug-iphonesimulator/AIReply.build/AIReply-all-target-headers.hmap -Xcc -iquote -Xcc /Users/yerekyerkinbekuly/ai-reply/AI-Reply/build/SimDerivedData/Build/Intermediates.noindex/AIReply.build/Debug-iphonesimulator/AIReply.build/AIReply-project-headers.hmap -Xcc -I/Users/yerekyerkinbekuly/ai-reply/AI-Reply/build/SimDerivedData/Build/Products/Debug-iphonesimulator/include -Xcc -I/Users/yerekyerkinbekuly/ai-reply/AI-Reply/build/SimDerivedData/Build/Intermediates.noindex/AIReply.build/Debug-iphonesimulator/AIReply.build/DerivedSources-normal/arm64 -Xcc -I/Users/yerekyerkinbekuly/ai-reply/AI-Reply/build/SimDerivedData/Build/Intermediates.noindex/AIReply.build/Debug-iphonesimulator/AIReply.build/DerivedSources/arm64 -Xcc -I/Users/yerekyerkinbekuly/ai-reply/AI-Reply/build/SimDerivedData/Build/Intermediates.noindex/AIReply.build/Debug-iphonesimulator/AIReply.build/DerivedSources -Xcc -DDEBUG\=1 -emit-objc-header -emit-objc-header-path /Users/yerekyerkinbekuly/ai-reply/AI-Reply/build/SimDerivedData/Build/Intermediates.noindex/AIReply.build/Debug-iphonesimulator/AIReply.build/Objects-normal/arm64/AIReply-Swift.h -working-directory /Users/yerekyerkinbekuly/ai-reply/AI-Reply -experimental-emit-module-separately -disable-cmo

SwiftExplicitDependencyGeneratePcm arm64 /Users/yerekyerkinbekuly/ai-reply/AI-Reply/build/SimDerivedData/ModuleCache.noindex/_Builtin_stddef-1NXQD6D1CRXYQ7NFE8DEFTPOT.pcm

SwiftExplicitDependencyGeneratePcm arm64 /Users/yerekyerkinbekuly/ai-reply/AI-Reply/build/SimDerivedData/ModuleCache.noindex/DeveloperToolsSupport-5I8X2U33Q7BMXFUW4B0E0HFN6.pcm

SwiftExplicitDependencyGeneratePcm arm64 /Users/yerekyerkinbekuly/ai-reply/AI-Reply/build/SimDerivedData/ModuleCache.noindex/ptrcheck-85XZ368BM35OGMF0MWTKY4O6M.pcm

SwiftExplicitDependencyGeneratePcm arm64 /Users/yerekyerkinbekuly/ai-reply/AI-Reply/build/SimDerivedData/ModuleCache.noindex/_AvailabilityInternal-A45R93QTFTDRI7Z6D9U80PB9F.pcm

SwiftExplicitDependencyGeneratePcm arm64 /Users/yerekyerkinbekuly/ai-reply/AI-Reply/build/SimDerivedData/ModuleCache.noindex/_Builtin_float-567PHMN2T30Y2T2FE6KJWUE00.pcm

SwiftExplicitDependencyGeneratePcm arm64 /Users/yerekyerkinbekuly/ai-reply/AI-Reply/build/SimDerivedData/ModuleCache.noindex/_Builtin_stdarg-NW6AYWGI6MUM8XCD1SS5YXV7.pcm

SwiftExplicitDependencyGeneratePcm arm64 /Users/yerekyerkinbekuly/ai-reply/AI-Reply/build/SimDerivedData/ModuleCache.noindex/ptrauth-CMTNHH7N6PE7H0CRVC9Y485H3.pcm

SwiftExplicitDependencyGeneratePcm arm64 /Users/yerekyerkinbekuly/ai-reply/AI-Reply/build/SimDerivedData/ModuleCache.noindex/_Builtin_stdbool-7N7YU676PTK6L5RHVVPOZSBMB.pcm

SwiftExplicitDependencyGeneratePcm arm64 /Users/yerekyerkinbekuly/ai-reply/AI-Reply/build/SimDerivedData/ModuleCache.noindex/_DarwinFoundation1-7BEQYMNH4OM8AU17P8XXJ5UV3.pcm

SwiftExplicitDependencyGeneratePcm arm64 /Users/yerekyerkinbekuly/ai-reply/AI-Reply/build/SimDerivedData/ModuleCache.noindex/SwiftShims-3ZLKBRUZ5MMETXSC16AT0847N.pcm

SwiftExplicitDependencyGeneratePcm arm64 /Users/yerekyerkinbekuly/ai-reply/AI-Reply/build/SimDerivedData/ModuleCache.noindex/_SwiftConcurrencyShims-7DWSJGE0I471DH6TZ54YWWK6K.pcm

SwiftDriverJobDiscovery normal arm64 Compiling DirectOpenAITransport.swift, KeyButton.swift, KeyboardActionBar.swift, KeyboardLanguage.swift (in target 'ReplyKeyboard' from project 'AIReply')

SwiftExplicitDependencyGeneratePcm arm64 /Users/yerekyerkinbekuly/ai-reply/AI-Reply/build/SimDerivedData/ModuleCache.noindex/_Builtin_limits-DOZZY8STSTF42U1U7Y2HUADLR.pcm

SwiftExplicitDependencyGeneratePcm arm64 /Users/yerekyerkinbekuly/ai-reply/AI-Reply/build/SimDerivedData/ModuleCache.noindex/_DarwinFoundation2-2YSVQFWMVL78R6LCTTMDLW2L5.pcm

SwiftDriverJobDiscovery normal arm64 Compiling KeyboardStrings.swift, KeyboardTheme.swift, KeyboardViewController.swift, ProfileStore.swift (in target 'ReplyKeyboard' from project 'AIReply')

SwiftDriverJobDiscovery normal arm64 Compiling ReplyComposerView.swift, ReplyContext.swift, ReplyDraftNormalizer.swift, ReplyPromptBuilder.swift (in target 'ReplyKeyboard' from project 'AIReply')

SwiftDriverJobDiscovery normal arm64 Compiling SharedSettings.swift, TemplateBarView.swift, TemplateSummary.swift (in target 'ReplyKeyboard' from project 'AIReply')

SwiftDriver\ Compilation ReplyKeyboard normal arm64 com.apple.xcode.tools.swift.compiler (in target 'ReplyKeyboard' from project 'AIReply')
    cd /Users/yerekyerkinbekuly/ai-reply/AI-Reply
    builtin-Swift-Compilation -- /Applications/Xcode.app/Contents/Developer/Toolchains/XcodeDefault.xctoolchain/usr/bin/swiftc -module-name ReplyKeyboardExtension -Onone @/Users/yerekyerkinbekuly/ai-reply/AI-Reply/build/SimDerivedData/Build/Intermediates.noindex/AIReply.build/Debug-iphonesimulator/ReplyKeyboard.build/Objects-normal/arm64/ReplyKeyboardExtension.SwiftFileList -DDEBUG -enable-bare-slash-regex -enable-experimental-feature DebugDescriptionMacro -sdk /Applications/Xcode.app/Contents/Developer/Platforms/iPhoneSimulator.platform/Developer/SDKs/iPhoneSimulator26.5.sdk -target arm64-apple-ios17.0-simulator -g -module-cache-path /Users/yerekyerkinbekuly/ai-reply/AI-Reply/build/SimDerivedData/ModuleCache.noindex -Xfrontend -serialize-debugging-options -application-extension -enable-testing -index-store-path /Users/yerekyerkinbekuly/ai-reply/AI-Reply/build/SimDerivedData/Index.noindex/DataStore -Xcc -D_LIBCPP_HARDENING_MODE\=_LIBCPP_HARDENING_MODE_DEBUG -swift-version 5 -I /Users/yerekyerkinbekuly/ai-reply/AI-Reply/build/SimDerivedData/Build/Products/Debug-iphonesimulator -F /Users/yerekyerkinbekuly/ai-reply/AI-Reply/build/SimDerivedData/Build/Products/Debug-iphonesimulator -c -j10 -enable-batch-mode -incremental -Xcc -ivfsstatcache -Xcc /Users/yerekyerkinbekuly/ai-reply/AI-Reply/build/SimDerivedData/SDKStatCaches.noindex/iphonesimulator26.5-23F81a-6cfe768891a92b912361537c460fe42b.sdkstatcache -output-file-map /Users/yerekyerkinbekuly/ai-reply/AI-Reply/build/SimDerivedData/Build/Intermediates.noindex/AIReply.build/Debug-iphonesimulator/ReplyKeyboard.build/Objects-normal/arm64/ReplyKeyboard-OutputFileMap.json -use-frontend-parseable-output -save-temps -no-color-diagnostics -explicit-module-build -module-cache-path /Users/yerekyerkinbekuly/ai-reply/AI-Reply/build/SimDerivedData/Build/Intermediates.noindex/SwiftExplicitPrecompiledModules -clang-scanner-module-cache-path /Users/yerekyerkinbekuly/ai-reply/AI-Reply/build/SimDerivedData/ModuleCache.noindex -sdk-module-cache-path /Users/yerekyerkinbekuly/ai-reply/AI-Reply/build/SimDerivedData/ModuleCache.noindex -serialize-diagnostics -emit-dependencies -emit-module -emit-module-path /Users/yerekyerkinbekuly/ai-reply/AI-Reply/build/SimDerivedData/Build/Intermediates.noindex/AIReply.build/Debug-iphonesimulator/ReplyKeyboard.build/Objects-normal/arm64/ReplyKeyboardExtension.swiftmodule -validate-clang-modules-once -clang-build-session-file /Users/yerekyerkinbekuly/ai-reply/AI-Reply/build/SimDerivedData/ModuleCache.noindex/Session.modulevalidation -Xcc -I/Users/yerekyerkinbekuly/ai-reply/AI-Reply/build/SimDerivedData/Build/Intermediates.noindex/AIReply.build/Debug-iphonesimulator/ReplyKeyboard.build/swift-overrides.hmap -emit-const-values -Xfrontend -const-gather-protocols-file -Xfrontend /Users/yerekyerkinbekuly/ai-reply/AI-Reply/build/SimDerivedData/Build/Intermediates.noindex/AIReply.build/Debug-iphonesimulator/ReplyKeyboard.build/Objects-normal/arm64/ReplyKeyboard_const_extract_protocols.json -Xcc -iquote -Xcc /Users/yerekyerkinbekuly/ai-reply/AI-Reply/build/SimDerivedData/Build/Intermediates.noindex/AIReply.build/Debug-iphonesimulator/ReplyKeyboard.build/ReplyKeyboardExtension-generated-files.hmap -Xcc -I/Users/yerekyerkinbekuly/ai-reply/AI-Reply/build/SimDerivedData/Build/Intermediates.noindex/AIReply.build/Debug-iphonesimulator/ReplyKeyboard.build/ReplyKeyboardExtension-own-target-headers.hmap -Xcc -I/Users/yerekyerkinbekuly/ai-reply/AI-Reply/build/SimDerivedData/Build/Intermediates.noindex/AIReply.build/Debug-iphonesimulator/ReplyKeyboard.build/ReplyKeyboardExtension-all-target-headers.hmap -Xcc -iquote -Xcc /Users/yerekyerkinbekuly/ai-reply/AI-Reply/build/SimDerivedData/Build/Intermediates.noindex/AIReply.build/Debug-iphonesimulator/ReplyKeyboard.build/ReplyKeyboardExtension-project-headers.hmap -Xcc -I/Users/yerekyerkinbekuly/ai-reply/AI-Reply/build/SimDerivedData/Build/Products/Debug-iphonesimulator/include -Xcc -I/Users/yerekyerkinbekuly/ai-reply/AI-Reply/build/SimDerivedData/Build/Intermediates.noindex/AIReply.build/Debug-iphonesimulator/ReplyKeyboard.build/DerivedSources-normal/arm64 -Xcc -I/Users/yerekyerkinbekuly/ai-reply/AI-Reply/build/SimDerivedData/Build/Intermediates.noindex/AIReply.build/Debug-iphonesimulator/ReplyKeyboard.build/DerivedSources/arm64 -Xcc -I/Users/yerekyerkinbekuly/ai-reply/AI-Reply/build/SimDerivedData/Build/Intermediates.noindex/AIReply.build/Debug-iphonesimulator/ReplyKeyboard.build/DerivedSources -Xcc -DDEBUG\=1 -emit-objc-header -emit-objc-header-path /Users/yerekyerkinbekuly/ai-reply/AI-Reply/build/SimDerivedData/Build/Intermediates.noindex/AIReply.build/Debug-iphonesimulator/ReplyKeyboard.build/Objects-normal/arm64/ReplyKeyboardExtension-Swift.h -working-directory /Users/yerekyerkinbekuly/ai-reply/AI-Reply -experimental-emit-module-separately -disable-cmo

Ld /Users/yerekyerkinbekuly/ai-reply/AI-Reply/build/SimDerivedData/Build/Products/Debug-iphonesimulator/ReplyKeyboardExtension.appex/ReplyKeyboardExtension.debug.dylib normal (in target 'ReplyKeyboard' from project 'AIReply')
    cd /Users/yerekyerkinbekuly/ai-reply/AI-Reply
    /Applications/Xcode.app/Contents/Developer/Toolchains/XcodeDefault.xctoolchain/usr/bin/clang -Xlinker -reproducible -target arm64-apple-ios17.0-simulator -dynamiclib -isysroot /Applications/Xcode.app/Contents/Developer/Platforms/iPhoneSimulator.platform/Developer/SDKs/iPhoneSimulator26.5.sdk -O0 -L/Users/yerekyerkinbekuly/ai-reply/AI-Reply/build/SimDerivedData/Build/Intermediates.noindex/EagerLinkingTBDs/Debug-iphonesimulator -L/Users/yerekyerkinbekuly/ai-reply/AI-Reply/build/SimDerivedData/Build/Products/Debug-iphonesimulator -F/Users/yerekyerkinbekuly/ai-reply/AI-Reply/build/SimDerivedData/Build/Intermediates.noindex/EagerLinkingTBDs/Debug-iphonesimulator -F/Users/yerekyerkinbekuly/ai-reply/AI-Reply/build/SimDerivedData/Build/Products/Debug-iphonesimulator -filelist /Users/yerekyerkinbekuly/ai-reply/AI-Reply/build/SimDerivedData/Build/Intermediates.noindex/AIReply.build/Debug-iphonesimulator/ReplyKeyboard.build/Objects-normal/arm64/ReplyKeyboardExtension.LinkFileList -install_name @rpath/ReplyKeyboardExtension.debug.dylib -Xlinker -rpath -Xlinker /usr/lib/swift -Xlinker -rpath -Xlinker @executable_path/Frameworks -Xlinker -rpath -Xlinker @executable_path/../../Frameworks -Xlinker -dead_strip -Xlinker -object_path_lto -Xlinker /Users/yerekyerkinbekuly/ai-reply/AI-Reply/build/SimDerivedData/Build/Intermediates.noindex/AIReply.build/Debug-iphonesimulator/ReplyKeyboard.build/Objects-normal/arm64/ReplyKeyboardExtension_lto.o -rdynamic -Xlinker -no_deduplicate -Xlinker -objc_abi_version -Xlinker 2 -Xlinker -dependency_info -Xlinker /Users/yerekyerkinbekuly/ai-reply/AI-Reply/build/SimDerivedData/Build/Intermediates.noindex/AIReply.build/Debug-iphonesimulator/ReplyKeyboard.build/Objects-normal/arm64/ReplyKeyboardExtension_dependency_info.dat -fapplication-extension -fobjc-link-runtime -L/Applications/Xcode.app/Contents/Developer/Toolchains/XcodeDefault.xctoolchain/usr/lib/swift/iphonesimulator -L/usr/lib/swift -Xlinker -add_ast_path -Xlinker /Users/yerekyerkinbekuly/ai-reply/AI-Reply/build/SimDerivedData/Build/Intermediates.noindex/AIReply.build/Debug-iphonesimulator/ReplyKeyboard.build/Objects-normal/arm64/ReplyKeyboardExtension.swiftmodule @/Users/yerekyerkinbekuly/ai-reply/AI-Reply/build/SimDerivedData/Build/Intermediates.noindex/AIReply.build/Debug-iphonesimulator/ReplyKeyboard.build/Objects-normal/arm64/ReplyKeyboardExtension-linker-args.resp -Xlinker -alias -Xlinker _NSExtensionMain -Xlinker ___debug_main_executable_dylib_entry_point -o /Users/yerekyerkinbekuly/ai-reply/AI-Reply/build/SimDerivedData/Build/Products/Debug-iphonesimulator/ReplyKeyboardExtension.appex/ReplyKeyboardExtension.debug.dylib

SwiftExplicitDependencyGeneratePcm arm64 /Users/yerekyerkinbekuly/ai-reply/AI-Reply/build/SimDerivedData/ModuleCache.noindex/_Builtin_stdint-5C8GYJJE6FMNJGYG6J0M5WUWT.pcm

SwiftExplicitDependencyGeneratePcm arm64 /Users/yerekyerkinbekuly/ai-reply/AI-Reply/build/SimDerivedData/ModuleCache.noindex/_Builtin_tgmath-5AO6TJYWU5QBB9NHSVV0AUGSE.pcm

SwiftExplicitDependencyGeneratePcm arm64 /Users/yerekyerkinbekuly/ai-reply/AI-Reply/build/SimDerivedData/ModuleCache.noindex/sys_types-1IUKDNBWKFSXTSH4B5P88FUJJ.pcm

SwiftExplicitDependencyGeneratePcm arm64 /Users/yerekyerkinbekuly/ai-reply/AI-Reply/build/SimDerivedData/ModuleCache.noindex/_Builtin_intrinsics-17Z9FXYZFIXIU2UW11QG1GEUF.pcm

SwiftExplicitDependencyGeneratePcm arm64 /Users/yerekyerkinbekuly/ai-reply/AI-Reply/build/SimDerivedData/ModuleCache.noindex/_DarwinFoundation3-CDGXS5R79VVUHHXG0LJOT0DQG.pcm

SwiftExplicitDependencyGeneratePcm arm64 /Users/yerekyerkinbekuly/ai-reply/AI-Reply/build/SimDerivedData/ModuleCache.noindex/_Builtin_stdatomic-D54TLYZML4Y4T7QXK2LODWH5S.pcm

SwiftExplicitDependencyGeneratePcm arm64 /Users/yerekyerkinbekuly/ai-reply/AI-Reply/build/SimDerivedData/ModuleCache.noindex/_Builtin_inttypes-5D9KPTMA34U1VFGWPF561O0RV.pcm

ConstructStubExecutorLinkFileList /Users/yerekyerkinbekuly/ai-reply/AI-Reply/build/SimDerivedData/Build/Intermediates.noindex/AIReply.build/Debug-iphonesimulator/ReplyKeyboard.build/ReplyKeyboardExtension-ExecutorLinkFileList-normal-arm64.txt (in target 'ReplyKeyboard' from project 'AIReply')
    cd /Users/yerekyerkinbekuly/ai-reply/AI-Reply
    construct-stub-executor-link-file-list /Users/yerekyerkinbekuly/ai-reply/AI-Reply/build/SimDerivedData/Build/Products/Debug-iphonesimulator/ReplyKeyboardExtension.appex/ReplyKeyboardExtension.debug.dylib /Applications/Xcode.app/Contents/Developer/Platforms/iPhoneSimulator.platform/Developer/usr/lib/libPreviewsJITStubExecutor_no_swift_entry_point.a /Applications/Xcode.app/Contents/Developer/Platforms/iPhoneSimulator.platform/Developer/usr/lib/libPreviewsJITStubExecutor.a --output /Users/yerekyerkinbekuly/ai-reply/AI-Reply/build/SimDerivedData/Build/Intermediates.noindex/AIReply.build/Debug-iphonesimulator/ReplyKeyboard.build/ReplyKeyboardExtension-ExecutorLinkFileList-normal-arm64.txt
note: Using stub executor library without Swift entry point. (in target 'ReplyKeyboard' from project 'AIReply')

Ld /Users/yerekyerkinbekuly/ai-reply/AI-Reply/build/SimDerivedData/Build/Products/Debug-iphonesimulator/ReplyKeyboardExtension.appex/ReplyKeyboardExtension normal (in target 'ReplyKeyboard' from project 'AIReply')
    cd /Users/yerekyerkinbekuly/ai-reply/AI-Reply
    /Applications/Xcode.app/Contents/Developer/Toolchains/XcodeDefault.xctoolchain/usr/bin/clang -Xlinker -reproducible -target arm64-apple-ios17.0-simulator -isysroot /Applications/Xcode.app/Contents/Developer/Platforms/iPhoneSimulator.platform/Developer/SDKs/iPhoneSimulator26.5.sdk -O0 -L/Users/yerekyerkinbekuly/ai-reply/AI-Reply/build/SimDerivedData/Build/Products/Debug-iphonesimulator -F/Users/yerekyerkinbekuly/ai-reply/AI-Reply/build/SimDerivedData/Build/Products/Debug-iphonesimulator -Xlinker -rpath -Xlinker @executable_path -Xlinker -rpath -Xlinker @executable_path/Frameworks -Xlinker -rpath -Xlinker @executable_path/../../Frameworks -rdynamic -Xlinker -no_deduplicate -Xlinker -objc_abi_version -Xlinker 2 -e ___debug_blank_executor_main -Xlinker -sectcreate -Xlinker __TEXT -Xlinker __debug_dylib -Xlinker /Users/yerekyerkinbekuly/ai-reply/AI-Reply/build/SimDerivedData/Build/Intermediates.noindex/AIReply.build/Debug-iphonesimulator/ReplyKeyboard.build/ReplyKeyboardExtension-DebugDylibPath-normal-arm64.txt -Xlinker -sectcreate -Xlinker __TEXT -Xlinker __debug_entry -Xlinker /Users/yerekyerkinbekuly/ai-reply/AI-Reply/build/SimDerivedData/Build/Intermediates.noindex/AIReply.build/Debug-iphonesimulator/ReplyKeyboard.build/ReplyKeyboardExtension-DebugEntryPoint-normal-arm64.txt -Xlinker -sectcreate -Xlinker __TEXT -Xlinker __debug_instlnm -Xlinker /Users/yerekyerkinbekuly/ai-reply/AI-Reply/build/SimDerivedData/Build/Intermediates.noindex/AIReply.build/Debug-iphonesimulator/ReplyKeyboard.build/ReplyKeyboardExtension-DebugDylibInstallName-normal-arm64.txt -Xlinker -filelist -Xlinker /Users/yerekyerkinbekuly/ai-reply/AI-Reply/build/SimDerivedData/Build/Intermediates.noindex/AIReply.build/Debug-iphonesimulator/ReplyKeyboard.build/ReplyKeyboardExtension-ExecutorLinkFileList-normal-arm64.txt /Users/yerekyerkinbekuly/ai-reply/AI-Reply/build/SimDerivedData/Build/Products/Debug-iphonesimulator/ReplyKeyboardExtension.appex/ReplyKeyboardExtension.debug.dylib -o /Users/yerekyerkinbekuly/ai-reply/AI-Reply/build/SimDerivedData/Build/Products/Debug-iphonesimulator/ReplyKeyboardExtension.appex/ReplyKeyboardExtension

SwiftExplicitDependencyGeneratePcm arm64 /Users/yerekyerkinbekuly/ai-reply/AI-Reply/build/SimDerivedData/ModuleCache.noindex/Darwin-8UZ63MHCBRPYWPSVO7JTIG1NE.pcm

ExtractAppIntentsMetadata (in target 'ReplyKeyboard' from project 'AIReply')
    cd /Users/yerekyerkinbekuly/ai-reply/AI-Reply
    /Applications/Xcode.app/Contents/Developer/Toolchains/XcodeDefault.xctoolchain/usr/bin/appintentsmetadataprocessor --toolchain-dir /Applications/Xcode.app/Contents/Developer/Toolchains/XcodeDefault.xctoolchain --module-name ReplyKeyboardExtension --sdk-root /Applications/Xcode.app/Contents/Developer/Platforms/iPhoneSimulator.platform/Developer/SDKs/iPhoneSimulator26.5.sdk --xcode-version 17F113 --platform-family iOS --deployment-target 17.0 --bundle-identifier kz.yerek.replykeyboard.keyboard --output /Users/yerekyerkinbekuly/ai-reply/AI-Reply/build/SimDerivedData/Build/Products/Debug-iphonesimulator/ReplyKeyboardExtension.appex --target-triple arm64-apple-ios17.0-simulator --binary-file /Users/yerekyerkinbekuly/ai-reply/AI-Reply/build/SimDerivedData/Build/Products/Debug-iphonesimulator/ReplyKeyboardExtension.appex/ReplyKeyboardExtension --dependency-file /Users/yerekyerkinbekuly/ai-reply/AI-Reply/build/SimDerivedData/Build/Intermediates.noindex/AIReply.build/Debug-iphonesimulator/ReplyKeyboard.build/Objects-normal/arm64/ReplyKeyboardExtension_dependency_info.dat --stringsdata-file /Users/yerekyerkinbekuly/ai-reply/AI-Reply/build/SimDerivedData/Build/Intermediates.noindex/AIReply.build/Debug-iphonesimulator/ReplyKeyboard.build/Objects-normal/arm64/ExtractedAppShortcutsMetadata.stringsdata --source-file-list /Users/yerekyerkinbekuly/ai-reply/AI-Reply/build/SimDerivedData/Build/Intermediates.noindex/AIReply.build/Debug-iphonesimulator/ReplyKeyboard.build/Objects-normal/arm64/ReplyKeyboardExtension.SwiftFileList --metadata-file-list /Users/yerekyerkinbekuly/ai-reply/AI-Reply/build/SimDerivedData/Build/Intermediates.noindex/AIReply.build/Debug-iphonesimulator/ReplyKeyboard.build/ReplyKeyboardExtension.DependencyMetadataFileList --static-metadata-file-list /Users/yerekyerkinbekuly/ai-reply/AI-Reply/build/SimDerivedData/Build/Intermediates.noindex/AIReply.build/Debug-iphonesimulator/ReplyKeyboard.build/ReplyKeyboardExtension.DependencyStaticMetadataFileList --swift-const-vals-list /Users/yerekyerkinbekuly/ai-reply/AI-Reply/build/SimDerivedData/Build/Intermediates.noindex/AIReply.build/Debug-iphonesimulator/ReplyKeyboard.build/Objects-normal/arm64/ReplyKeyboardExtension.SwiftConstValuesFileList --compile-time-extraction --deployment-aware-processing --validate-assistant-intents --no-app-shortcuts-localization
2026-09-18 01:21:10.536 appintentsmetadataprocessor[47195:1321734] Starting appintentsmetadataprocessor export
2026-09-18 01:21:10.540 appintentsmetadataprocessor[47195:1321734] warning: Metadata extraction skipped. No AppIntents.framework dependency found.

AppIntentsSSUTraining (in target 'ReplyKeyboard' from project 'AIReply')
    cd /Users/yerekyerkinbekuly/ai-reply/AI-Reply
    /Applications/Xcode.app/Contents/Developer/Toolchains/XcodeDefault.xctoolchain/usr/bin/appintentsnltrainingprocessor --infoplist-path /Users/yerekyerkinbekuly/ai-reply/AI-Reply/build/SimDerivedData/Build/Products/Debug-iphonesimulator/ReplyKeyboardExtension.appex/Info.plist --temp-dir-path /Users/yerekyerkinbekuly/ai-reply/AI-Reply/build/SimDerivedData/Build/Intermediates.noindex/AIReply.build/Debug-iphonesimulator/ReplyKeyboard.build/ssu --bundle-id kz.yerek.replykeyboard.keyboard --product-path /Users/yerekyerkinbekuly/ai-reply/AI-Reply/build/SimDerivedData/Build/Products/Debug-iphonesimulator/ReplyKeyboardExtension.appex --extracted-metadata-path /Users/yerekyerkinbekuly/ai-reply/AI-Reply/build/SimDerivedData/Build/Products/Debug-iphonesimulator/ReplyKeyboardExtension.appex/Metadata.appintents --metadata-file-list /Users/yerekyerkinbekuly/ai-reply/AI-Reply/build/SimDerivedData/Build/Intermediates.noindex/AIReply.build/Debug-iphonesimulator/ReplyKeyboard.build/ReplyKeyboardExtension.DependencyMetadataFileList --source-file /Users/yerekyerkinbekuly/ai-reply/AI-Reply/build/SimDerivedData/Build/Products/Debug-iphonesimulator/ReplyKeyboardExtension.appex/Info.plist --archive-ssu-assets
2026-09-18 01:21:10.563 appintentsnltrainingprocessor[47196:1321738] Parsing options for appintentsnltrainingprocessor
2026-09-18 01:21:10.563 appintentsnltrainingprocessor[47196:1321738] Starting AppIntents SSU YAML Generation
2026-09-18 01:21:10.563 appintentsnltrainingprocessor[47196:1321738] No AppShortcuts found - Skipping.

SwiftExplicitDependencyGeneratePcm arm64 /Users/yerekyerkinbekuly/ai-reply/AI-Reply/build/SimDerivedData/ModuleCache.noindex/simd-470WE3S4FFOFFRPEQ1FHOXV2S.pcm

RegisterExecutionPolicyException /Users/yerekyerkinbekuly/ai-reply/AI-Reply/build/SimDerivedData/Build/Products/Debug-iphonesimulator/ReplyKeyboardExtension.appex (in target 'ReplyKeyboard' from project 'AIReply')
    cd /Users/yerekyerkinbekuly/ai-reply/AI-Reply
    builtin-RegisterExecutionPolicyException /Users/yerekyerkinbekuly/ai-reply/AI-Reply/build/SimDerivedData/Build/Products/Debug-iphonesimulator/ReplyKeyboardExtension.appex

Touch /Users/yerekyerkinbekuly/ai-reply/AI-Reply/build/SimDerivedData/Build/Products/Debug-iphonesimulator/ReplyKeyboardExtension.appex (in target 'ReplyKeyboard' from project 'AIReply')
    cd /Users/yerekyerkinbekuly/ai-reply/AI-Reply
    /usr/bin/touch -c /Users/yerekyerkinbekuly/ai-reply/AI-Reply/build/SimDerivedData/Build/Products/Debug-iphonesimulator/ReplyKeyboardExtension.appex

Ld /Users/yerekyerkinbekuly/ai-reply/AI-Reply/build/SimDerivedData/Build/Products/Debug-iphonesimulator/AIReply.app/__preview.dylib normal (in target 'AIReply' from project 'AIReply')
    cd /Users/yerekyerkinbekuly/ai-reply/AI-Reply
    /Applications/Xcode.app/Contents/Developer/Toolchains/XcodeDefault.xctoolchain/usr/bin/clang -Xlinker -reproducible -target arm64-apple-ios17.0-simulator -dynamiclib -isysroot /Applications/Xcode.app/Contents/Developer/Platforms/iPhoneSimulator.platform/Developer/SDKs/iPhoneSimulator26.5.sdk -O0 -L/Users/yerekyerkinbekuly/ai-reply/AI-Reply/build/SimDerivedData/Build/Products/Debug-iphonesimulator -F/Users/yerekyerkinbekuly/ai-reply/AI-Reply/build/SimDerivedData/Build/Products/Debug-iphonesimulator -install_name @rpath/AIReply.debug.dylib -Xlinker -dead_strip -rdynamic -Xlinker -no_deduplicate -Xlinker -objc_abi_version -Xlinker 2 -Xlinker -dependency_info -Xlinker /Users/yerekyerkinbekuly/ai-reply/AI-Reply/build/SimDerivedData/Build/Intermediates.noindex/AIReply.build/Debug-iphonesimulator/AIReply.build/Objects-normal/arm64/AIReply_dependency_info.dat -o /Users/yerekyerkinbekuly/ai-reply/AI-Reply/build/SimDerivedData/Build/Products/Debug-iphonesimulator/AIReply.app/__preview.dylib

CompileXCStrings /Users/yerekyerkinbekuly/ai-reply/AI-Reply/build/SimDerivedData/Build/Intermediates.noindex/AIReply.build/Debug-iphonesimulator/AIReply.build/ /Users/yerekyerkinbekuly/ai-reply/AI-Reply/AIReply/Resources/Localizable.xcstrings (in target 'AIReply' from project 'AIReply')
    cd /Users/yerekyerkinbekuly/ai-reply/AI-Reply
    /Applications/Xcode.app/Contents/Developer/usr/bin/xcstringstool compile --output-directory /Users/yerekyerkinbekuly/ai-reply/AI-Reply/build/SimDerivedData/Build/Intermediates.noindex/AIReply.build/Debug-iphonesimulator/AIReply.build /Users/yerekyerkinbekuly/ai-reply/AI-Reply/AIReply/Resources/Localizable.xcstrings

CopyStringsFile /Users/yerekyerkinbekuly/ai-reply/AI-Reply/build/SimDerivedData/Build/Products/Debug-iphonesimulator/AIReply.app/ru.lproj/Localizable.strings /Users/yerekyerkinbekuly/ai-reply/AI-Reply/build/SimDerivedData/Build/Intermediates.noindex/AIReply.build/Debug-iphonesimulator/AIReply.build/ru.lproj/Localizable.strings (in target 'AIReply' from project 'AIReply')
    cd /Users/yerekyerkinbekuly/ai-reply/AI-Reply
    builtin-copyStrings --validate --outputencoding binary --outfilename Localizable.strings --outdir /Users/yerekyerkinbekuly/ai-reply/AI-Reply/build/SimDerivedData/Build/Products/Debug-iphonesimulator/AIReply.app/ru.lproj -- /Users/yerekyerkinbekuly/ai-reply/AI-Reply/build/SimDerivedData/Build/Intermediates.noindex/AIReply.build/Debug-iphonesimulator/AIReply.build/ru.lproj/Localizable.strings
/Users/yerekyerkinbekuly/ai-reply/AI-Reply/build/SimDerivedData/Build/Intermediates.noindex/AIReply.build/Debug-iphonesimulator/AIReply.build/ru.lproj/Localizable.strings:1:1: note: detected encoding of input file as Unicode (UTF-8) (in target 'AIReply' from project 'AIReply')

CopyStringsFile /Users/yerekyerkinbekuly/ai-reply/AI-Reply/build/SimDerivedData/Build/Products/Debug-iphonesimulator/AIReply.app/en.lproj/Localizable.strings /Users/yerekyerkinbekuly/ai-reply/AI-Reply/build/SimDerivedData/Build/Intermediates.noindex/AIReply.build/Debug-iphonesimulator/AIReply.build/en.lproj/Localizable.strings (in target 'AIReply' from project 'AIReply')
    cd /Users/yerekyerkinbekuly/ai-reply/AI-Reply
    builtin-copyStrings --validate --outputencoding binary --outfilename Localizable.strings --outdir /Users/yerekyerkinbekuly/ai-reply/AI-Reply/build/SimDerivedData/Build/Products/Debug-iphonesimulator/AIReply.app/en.lproj -- /Users/yerekyerkinbekuly/ai-reply/AI-Reply/build/SimDerivedData/Build/Intermediates.noindex/AIReply.build/Debug-iphonesimulator/AIReply.build/en.lproj/Localizable.strings
/Users/yerekyerkinbekuly/ai-reply/AI-Reply/build/SimDerivedData/Build/Intermediates.noindex/AIReply.build/Debug-iphonesimulator/AIReply.build/en.lproj/Localizable.strings:1:1: note: detected encoding of input file as Unicode (UTF-8) (in target 'AIReply' from project 'AIReply')

CopyStringsFile /Users/yerekyerkinbekuly/ai-reply/AI-Reply/build/SimDerivedData/Build/Products/Debug-iphonesimulator/AIReply.app/kk.lproj/Localizable.strings /Users/yerekyerkinbekuly/ai-reply/AI-Reply/build/SimDerivedData/Build/Intermediates.noindex/AIReply.build/Debug-iphonesimulator/AIReply.build/kk.lproj/Localizable.strings (in target 'AIReply' from project 'AIReply')
    cd /Users/yerekyerkinbekuly/ai-reply/AI-Reply
    builtin-copyStrings --validate --outputencoding binary --outfilename Localizable.strings --outdir /Users/yerekyerkinbekuly/ai-reply/AI-Reply/build/SimDerivedData/Build/Products/Debug-iphonesimulator/AIReply.app/kk.lproj -- /Users/yerekyerkinbekuly/ai-reply/AI-Reply/build/SimDerivedData/Build/Intermediates.noindex/AIReply.build/Debug-iphonesimulator/AIReply.build/kk.lproj/Localizable.strings
/Users/yerekyerkinbekuly/ai-reply/AI-Reply/build/SimDerivedData/Build/Intermediates.noindex/AIReply.build/Debug-iphonesimulator/AIReply.build/kk.lproj/Localizable.strings:1:1: note: detected encoding of input file as Unicode (UTF-8) (in target 'AIReply' from project 'AIReply')

SwiftExplicitDependencyGeneratePcm arm64 /Users/yerekyerkinbekuly/ai-reply/AI-Reply/build/SimDerivedData/ModuleCache.noindex/ObjectiveC-409TSSAZZFUFHN9KVGF7CRSCE.pcm

SwiftExplicitDependencyGeneratePcm arm64 /Users/yerekyerkinbekuly/ai-reply/AI-Reply/build/SimDerivedData/ModuleCache.noindex/MachO-1Q6ND75PHGLURUSKFL95LCC3A.pcm

SwiftExplicitDependencyGeneratePcm arm64 /Users/yerekyerkinbekuly/ai-reply/AI-Reply/build/SimDerivedData/ModuleCache.noindex/os_object-3Z87QJOT3QQ3Q00MAY15QMGPE.pcm

SwiftExplicitDependencyGeneratePcm arm64 /Users/yerekyerkinbekuly/ai-reply/AI-Reply/build/SimDerivedData/ModuleCache.noindex/os_workgroup-9DVDEIL5ZI3REPFX4EZEMRXFA.pcm

SwiftExplicitDependencyGeneratePcm arm64 /Users/yerekyerkinbekuly/ai-reply/AI-Reply/build/SimDerivedData/ModuleCache.noindex/Spatial-A5L9VQ18B0FB8EIYL0BBB32OO.pcm

SwiftExplicitDependencyGeneratePcm arm64 /Users/yerekyerkinbekuly/ai-reply/AI-Reply/build/SimDerivedData/ModuleCache.noindex/Dispatch-8ZXBF6IT3UN4W64E8RD8S5ISP.pcm

SwiftExplicitDependencyGeneratePcm arm64 /Users/yerekyerkinbekuly/ai-reply/AI-Reply/build/SimDerivedData/ModuleCache.noindex/CoreFoundation-A7WWDH32VQFNPXZTLS6ZN58UW.pcm

SwiftExplicitDependencyGeneratePcm arm64 /Users/yerekyerkinbekuly/ai-reply/AI-Reply/build/SimDerivedData/ModuleCache.noindex/XPC-BOCQS8M7N2WCIK1B4ICPXQ9UB.pcm

SwiftExplicitDependencyGeneratePcm arm64 /Users/yerekyerkinbekuly/ai-reply/AI-Reply/build/SimDerivedData/ModuleCache.noindex/dnssd-CDJ23J3OTC53T96GP7BUKYA18.pcm

SwiftExplicitDependencyGeneratePcm arm64 /Users/yerekyerkinbekuly/ai-reply/AI-Reply/build/SimDerivedData/ModuleCache.noindex/os-65F016263TRN533CT9X8FQ6WX.pcm

SwiftExplicitDependencyGeneratePcm arm64 /Users/yerekyerkinbekuly/ai-reply/AI-Reply/build/SimDerivedData/ModuleCache.noindex/CoreAudioTypes-80XWGHV2GD41SVKN5HWP3GSNT.pcm

SwiftExplicitDependencyGeneratePcm arm64 /Users/yerekyerkinbekuly/ai-reply/AI-Reply/build/SimDerivedData/ModuleCache.noindex/CFNetwork-BL6JO80AF2K1E1OAW75GT41UT.pcm

SwiftExplicitDependencyGeneratePcm arm64 /Users/yerekyerkinbekuly/ai-reply/AI-Reply/build/SimDerivedData/ModuleCache.noindex/Security-2VQVDHTBQH94AVJRZRFUOZWZ7.pcm

SwiftExplicitDependencyGeneratePcm arm64 /Users/yerekyerkinbekuly/ai-reply/AI-Reply/build/SimDerivedData/ModuleCache.noindex/CoreGraphics-BOBMH9TENFRVXWD49H0DDAB73.pcm

SwiftExplicitDependencyGeneratePcm arm64 /Users/yerekyerkinbekuly/ai-reply/AI-Reply/build/SimDerivedData/ModuleCache.noindex/CoreAudio-ESFIMKZK81JXS07J9GGR5ORXO.pcm

SwiftExplicitDependencyGeneratePcm arm64 /Users/yerekyerkinbekuly/ai-reply/AI-Reply/build/SimDerivedData/ModuleCache.noindex/Foundation-ETZVRXBFZOCKKJSXDTHF06N5M.pcm

SwiftExplicitDependencyGeneratePcm arm64 /Users/yerekyerkinbekuly/ai-reply/AI-Reply/build/SimDerivedData/ModuleCache.noindex/ImageIO-AC9TTO554RX6PEPIRJ83F4VX0.pcm

SwiftExplicitDependencyGeneratePcm arm64 /Users/yerekyerkinbekuly/ai-reply/AI-Reply/build/SimDerivedData/ModuleCache.noindex/CoreText-2FW4LP8BMUU27Y7ZRTNOEE7GC.pcm

SwiftExplicitDependencyGeneratePcm arm64 /Users/yerekyerkinbekuly/ai-reply/AI-Reply/build/SimDerivedData/ModuleCache.noindex/FileProvider-E2Q01FOFB7CMU4UT2PX0OOF54.pcm

SwiftExplicitDependencyGeneratePcm arm64 /Users/yerekyerkinbekuly/ai-reply/AI-Reply/build/SimDerivedData/ModuleCache.noindex/Symbols-30MUFRS9KYX2ZANBD54CT03AS.pcm

SwiftExplicitDependencyGeneratePcm arm64 /Users/yerekyerkinbekuly/ai-reply/AI-Reply/build/SimDerivedData/ModuleCache.noindex/IOSurface-CX906FI3J3WLWMZ315D9I3UN5.pcm

SwiftExplicitDependencyGeneratePcm arm64 /Users/yerekyerkinbekuly/ai-reply/AI-Reply/build/SimDerivedData/ModuleCache.noindex/UIUtilities-5TBUDHKBZHSTYQX14Z6Q2ABQO.pcm

SwiftExplicitDependencyGeneratePcm arm64 /Users/yerekyerkinbekuly/ai-reply/AI-Reply/build/SimDerivedData/ModuleCache.noindex/CoreMIDI-BFZH2LGMZYB0II9HJYZCV4YS8.pcm

SwiftExplicitDependencyGeneratePcm arm64 /Users/yerekyerkinbekuly/ai-reply/AI-Reply/build/SimDerivedData/ModuleCache.noindex/CoreTransferable-4ICJPBW09LZQ7TSU00T6IDALJ.pcm

SwiftExplicitDependencyGeneratePcm arm64 /Users/yerekyerkinbekuly/ai-reply/AI-Reply/build/SimDerivedData/ModuleCache.noindex/OSLog-AJ08VMIV0PMILA42OB28QLZQ3.pcm

SwiftExplicitDependencyGeneratePcm arm64 /Users/yerekyerkinbekuly/ai-reply/AI-Reply/build/SimDerivedData/ModuleCache.noindex/UniformTypeIdentifiers-2XTBINEMA4VIVKJIQHT5US4C2.pcm

SwiftExplicitDependencyGeneratePcm arm64 /Users/yerekyerkinbekuly/ai-reply/AI-Reply/build/SimDerivedData/ModuleCache.noindex/DataDetection-4HQQN513XMVOK29V1382RN13L.pcm

SwiftExplicitDependencyGeneratePcm arm64 /Users/yerekyerkinbekuly/ai-reply/AI-Reply/build/SimDerivedData/ModuleCache.noindex/Network-4IIFHNESES94C4UBZPT3BQ94E.pcm

SwiftExplicitDependencyGeneratePcm arm64 /Users/yerekyerkinbekuly/ai-reply/AI-Reply/build/SimDerivedData/ModuleCache.noindex/UserNotifications-8AUZW44YYDXL5DO0GVOUVLM2D.pcm

SwiftExplicitDependencyGeneratePcm arm64 /Users/yerekyerkinbekuly/ai-reply/AI-Reply/build/SimDerivedData/ModuleCache.noindex/Accessibility-789NSMOSY20THOKU1L38LS3ZL.pcm

SwiftExplicitDependencyGeneratePcm arm64 /Users/yerekyerkinbekuly/ai-reply/AI-Reply/build/SimDerivedData/ModuleCache.noindex/CoreData-B07O1YPRNESURUYU03O4G1XYT.pcm

SwiftExplicitDependencyGeneratePcm arm64 /Users/yerekyerkinbekuly/ai-reply/AI-Reply/build/SimDerivedData/ModuleCache.noindex/OpenGLES-4MTSJUOMFWNSLPWFCMGYZ65E2.pcm

SwiftExplicitDependencyGeneratePcm arm64 /Users/yerekyerkinbekuly/ai-reply/AI-Reply/build/SimDerivedData/ModuleCache.noindex/Metal-D2P7M1W3L20L7X5OIBZT50HME.pcm

SwiftExplicitDependencyGeneratePcm arm64 /Users/yerekyerkinbekuly/ai-reply/AI-Reply/build/SimDerivedData/ModuleCache.noindex/AudioToolbox-7AUQZI9N5NK6QMCKI2N9G4MGO.pcm

SwiftExplicitDependencyGeneratePcm arm64 /Users/yerekyerkinbekuly/ai-reply/AI-Reply/build/SimDerivedData/ModuleCache.noindex/AVRouting-6Z5ASU78MRWQQ1CK1LXYR4QNF.pcm

SwiftExplicitDependencyGeneratePcm arm64 /Users/yerekyerkinbekuly/ai-reply/AI-Reply/build/SimDerivedData/ModuleCache.noindex/CoreVideo-5L7KH9OZSLMB8FSIFWEWN7KZV.pcm

SwiftExplicitDependencyGeneratePcm arm64 /Users/yerekyerkinbekuly/ai-reply/AI-Reply/build/SimDerivedData/ModuleCache.noindex/QuartzCore-8EYP1DOM2C18C6D84HZJ1HKV0.pcm

SwiftExplicitDependencyGeneratePcm arm64 /Users/yerekyerkinbekuly/ai-reply/AI-Reply/build/SimDerivedData/ModuleCache.noindex/CoreImage-EET32Q4UMHRDUVE17CQE1249J.pcm

SwiftExplicitDependencyGeneratePcm arm64 /Users/yerekyerkinbekuly/ai-reply/AI-Reply/build/SimDerivedData/ModuleCache.noindex/CoreMedia-7IEZNYCEHJUB5THLP1BF2DPL4.pcm

SwiftExplicitDependencyGeneratePcm arm64 /Users/yerekyerkinbekuly/ai-reply/AI-Reply/build/SimDerivedData/ModuleCache.noindex/SwiftUICore-BVNSKIQ42QJRBOOK8A1GRE9Q9.pcm

SwiftExplicitDependencyGeneratePcm arm64 /Users/yerekyerkinbekuly/ai-reply/AI-Reply/build/SimDerivedData/ModuleCache.noindex/MediaToolbox-7WEKT4JD15XNMU08ZW9OSTZ8G.pcm

SwiftExplicitDependencyGeneratePcm arm64 /Users/yerekyerkinbekuly/ai-reply/AI-Reply/build/SimDerivedData/ModuleCache.noindex/AVFAudio-353NW9RGNPJIGV0NCPFVTVE83.pcm

SwiftExplicitDependencyGeneratePcm arm64 /Users/yerekyerkinbekuly/ai-reply/AI-Reply/build/SimDerivedData/ModuleCache.noindex/UIKit-9VA4IRW8GMS947E8OK1U7U1LB.pcm

SwiftExplicitDependencyGeneratePcm arm64 /Users/yerekyerkinbekuly/ai-reply/AI-Reply/build/SimDerivedData/ModuleCache.noindex/AVFoundation-AAY8TX4BOLKK9TM0PCCBMH9AN.pcm

SwiftExplicitDependencyGeneratePcm arm64 /Users/yerekyerkinbekuly/ai-reply/AI-Reply/build/SimDerivedData/ModuleCache.noindex/Speech-W4PJLKWOSOT8RGED80APA9IK.pcm

SwiftExplicitDependencyGeneratePcm arm64 /Users/yerekyerkinbekuly/ai-reply/AI-Reply/build/SimDerivedData/ModuleCache.noindex/SwiftUI-A30EJ6II2UII4YIUF4LU9E3ER.pcm

SwiftEmitModule normal arm64 Emitting\ module\ for\ AIReply (in target 'AIReply' from project 'AIReply')

EmitSwiftModule normal arm64 (in target 'AIReply' from project 'AIReply')
    cd /Users/yerekyerkinbekuly/ai-reply/AI-Reply
    
/Users/yerekyerkinbekuly/ai-reply/AI-Reply/Shared/Account/AccountService.swift:105:5: warning: '@discardableResult' declared on a function returning 'Void' is unnecessary
    @discardableResult
    ^~~~~~~~~~~~~~~~~~
    

SwiftCompile normal arm64 Compiling\ LocalizedDisplay.swift,\ OnboardingView.swift,\ ProfileEditorView.swift,\ ProfileStore.swift,\ ReplyConfigurationModel.swift,\ ReplyDraftNormalizer.swift /Users/yerekyerkinbekuly/ai-reply/AI-Reply/AIReply/App/LocalizedDisplay.swift /Users/yerekyerkinbekuly/ai-reply/AI-Reply/AIReply/Features/Onboarding/OnboardingView.swift /Users/yerekyerkinbekuly/ai-reply/AI-Reply/AIReply/Features/Profile/ProfileEditorView.swift /Users/yerekyerkinbekuly/ai-reply/AI-Reply/Shared/Model/ProfileStore.swift /Users/yerekyerkinbekuly/ai-reply/AI-Reply/AIReply/App/ReplyConfigurationModel.swift /Users/yerekyerkinbekuly/ai-reply/AI-Reply/Shared/AI/ReplyDraftNormalizer.swift (in target 'AIReply' from project 'AIReply')

SwiftCompile normal arm64 /Users/yerekyerkinbekuly/ai-reply/AI-Reply/AIReply/App/LocalizedDisplay.swift (in target 'AIReply' from project 'AIReply')
    cd /Users/yerekyerkinbekuly/ai-reply/AI-Reply
    

SwiftCompile normal arm64 /Users/yerekyerkinbekuly/ai-reply/AI-Reply/AIReply/Features/Onboarding/OnboardingView.swift (in target 'AIReply' from project 'AIReply')
    cd /Users/yerekyerkinbekuly/ai-reply/AI-Reply
    

SwiftCompile normal arm64 /Users/yerekyerkinbekuly/ai-reply/AI-Reply/AIReply/Features/Profile/ProfileEditorView.swift (in target 'AIReply' from project 'AIReply')
    cd /Users/yerekyerkinbekuly/ai-reply/AI-Reply
    

SwiftCompile normal arm64 /Users/yerekyerkinbekuly/ai-reply/AI-Reply/Shared/Model/ProfileStore.swift (in target 'AIReply' from project 'AIReply')
    cd /Users/yerekyerkinbekuly/ai-reply/AI-Reply
    

SwiftCompile normal arm64 /Users/yerekyerkinbekuly/ai-reply/AI-Reply/AIReply/App/ReplyConfigurationModel.swift (in target 'AIReply' from project 'AIReply')
    cd /Users/yerekyerkinbekuly/ai-reply/AI-Reply
    

SwiftCompile normal arm64 /Users/yerekyerkinbekuly/ai-reply/AI-Reply/Shared/AI/ReplyDraftNormalizer.swift (in target 'AIReply' from project 'AIReply')
    cd /Users/yerekyerkinbekuly/ai-reply/AI-Reply
    

SwiftCompile normal arm64 Compiling\ ServiceModeEditor.swift,\ APIClient.swift,\ AccountCredentials.swift,\ AccountModels.swift,\ AccountReplyTransport.swift,\ AccountService.swift /Users/yerekyerkinbekuly/ai-reply/AI-Reply/AIReply/Features/Settings/ServiceModeEditor.swift /Users/yerekyerkinbekuly/ai-reply/AI-Reply/Shared/Account/APIClient.swift /Users/yerekyerkinbekuly/ai-reply/AI-Reply/Shared/Account/AccountCredentials.swift /Users/yerekyerkinbekuly/ai-reply/AI-Reply/Shared/Account/AccountModels.swift /Users/yerekyerkinbekuly/ai-reply/AI-Reply/Shared/Account/AccountReplyTransport.swift /Users/yerekyerkinbekuly/ai-reply/AI-Reply/Shared/Account/AccountService.swift (in target 'AIReply' from project 'AIReply')

SwiftCompile normal arm64 /Users/yerekyerkinbekuly/ai-reply/AI-Reply/AIReply/Features/Settings/ServiceModeEditor.swift (in target 'AIReply' from project 'AIReply')
    cd /Users/yerekyerkinbekuly/ai-reply/AI-Reply
    

SwiftCompile normal arm64 /Users/yerekyerkinbekuly/ai-reply/AI-Reply/Shared/Account/APIClient.swift (in target 'AIReply' from project 'AIReply')
    cd /Users/yerekyerkinbekuly/ai-reply/AI-Reply
    

SwiftCompile normal arm64 /Users/yerekyerkinbekuly/ai-reply/AI-Reply/Shared/Account/AccountCredentials.swift (in target 'AIReply' from project 'AIReply')
    cd /Users/yerekyerkinbekuly/ai-reply/AI-Reply
    

SwiftCompile normal arm64 /Users/yerekyerkinbekuly/ai-reply/AI-Reply/Shared/Account/AccountModels.swift (in target 'AIReply' from project 'AIReply')
    cd /Users/yerekyerkinbekuly/ai-reply/AI-Reply
    

SwiftCompile normal arm64 /Users/yerekyerkinbekuly/ai-reply/AI-Reply/Shared/Account/AccountReplyTransport.swift (in target 'AIReply' from project 'AIReply')
    cd /Users/yerekyerkinbekuly/ai-reply/AI-Reply
    

SwiftCompile normal arm64 /Users/yerekyerkinbekuly/ai-reply/AI-Reply/Shared/Account/AccountService.swift (in target 'AIReply' from project 'AIReply')
    cd /Users/yerekyerkinbekuly/ai-reply/AI-Reply
    
/Users/yerekyerkinbekuly/ai-reply/AI-Reply/Shared/Account/AccountService.swift:105:5: warning: '@discardableResult' declared on a function returning 'Void' is unnecessary
    @discardableResult
    ^~~~~~~~~~~~~~~~~~
    

SwiftCompile normal arm64 Compiling\ AccountSession.swift,\ AccountUsageCache.swift,\ AccountGateView.swift,\ AccountModel.swift,\ AccountSettingsSection.swift,\ RegistrationStepView.swift /Users/yerekyerkinbekuly/ai-reply/AI-Reply/Shared/Account/AccountSession.swift /Users/yerekyerkinbekuly/ai-reply/AI-Reply/Shared/Account/AccountUsageCache.swift /Users/yerekyerkinbekuly/ai-reply/AI-Reply/AIReply/Features/Account/AccountGateView.swift /Users/yerekyerkinbekuly/ai-reply/AI-Reply/AIReply/Features/Account/AccountModel.swift /Users/yerekyerkinbekuly/ai-reply/AI-Reply/AIReply/Features/Account/AccountSettingsSection.swift /Users/yerekyerkinbekuly/ai-reply/AI-Reply/AIReply/Features/Account/RegistrationStepView.swift (in target 'AIReply' from project 'AIReply')

SwiftCompile normal arm64 /Users/yerekyerkinbekuly/ai-reply/AI-Reply/Shared/Account/AccountSession.swift (in target 'AIReply' from project 'AIReply')
    cd /Users/yerekyerkinbekuly/ai-reply/AI-Reply
    
/Users/yerekyerkinbekuly/ai-reply/AI-Reply/Shared/Account/AccountSession.swift:38:28: warning: no 'async' operations occur within 'await' expression
            defer { Task { await self.clearRefreshTask() } }
                           ^

SwiftCompile normal arm64 /Users/yerekyerkinbekuly/ai-reply/AI-Reply/Shared/Account/AccountUsageCache.swift (in target 'AIReply' from project 'AIReply')
    cd /Users/yerekyerkinbekuly/ai-reply/AI-Reply
    

SwiftCompile normal arm64 /Users/yerekyerkinbekuly/ai-reply/AI-Reply/AIReply/Features/Account/AccountGateView.swift (in target 'AIReply' from project 'AIReply')
    cd /Users/yerekyerkinbekuly/ai-reply/AI-Reply
    

SwiftCompile normal arm64 /Users/yerekyerkinbekuly/ai-reply/AI-Reply/AIReply/Features/Account/AccountModel.swift (in target 'AIReply' from project 'AIReply')
    cd /Users/yerekyerkinbekuly/ai-reply/AI-Reply
    

SwiftCompile normal arm64 /Users/yerekyerkinbekuly/ai-reply/AI-Reply/AIReply/Features/Account/AccountSettingsSection.swift (in target 'AIReply' from project 'AIReply')
    cd /Users/yerekyerkinbekuly/ai-reply/AI-Reply
    

SwiftCompile normal arm64 /Users/yerekyerkinbekuly/ai-reply/AI-Reply/AIReply/Features/Account/RegistrationStepView.swift (in target 'AIReply' from project 'AIReply')
    cd /Users/yerekyerkinbekuly/ai-reply/AI-Reply
    

SwiftCompile normal arm64 Compiling\ VoiceReplyViewModel.swift,\ VoiceSuggestionSheet.swift,\ WorkingHours.swift,\ WorkingHoursView.swift,\ GeneratedAssetSymbols.swift /Users/yerekyerkinbekuly/ai-reply/AI-Reply/AIReply/Features/Voice/VoiceReplyViewModel.swift /Users/yerekyerkinbekuly/ai-reply/AI-Reply/AIReply/Features/Voice/VoiceSuggestionSheet.swift /Users/yerekyerkinbekuly/ai-reply/AI-Reply/Shared/Model/WorkingHours.swift /Users/yerekyerkinbekuly/ai-reply/AI-Reply/AIReply/Features/Profile/WorkingHoursView.swift /Users/yerekyerkinbekuly/ai-reply/AI-Reply/build/SimDerivedData/Build/Intermediates.noindex/AIReply.build/Debug-iphonesimulator/AIReply.build/DerivedSources/GeneratedAssetSymbols.swift (in target 'AIReply' from project 'AIReply')

SwiftCompile normal arm64 /Users/yerekyerkinbekuly/ai-reply/AI-Reply/AIReply/Features/Voice/VoiceReplyViewModel.swift (in target 'AIReply' from project 'AIReply')
    cd /Users/yerekyerkinbekuly/ai-reply/AI-Reply
    

SwiftCompile normal arm64 /Users/yerekyerkinbekuly/ai-reply/AI-Reply/AIReply/Features/Voice/VoiceSuggestionSheet.swift (in target 'AIReply' from project 'AIReply')
    cd /Users/yerekyerkinbekuly/ai-reply/AI-Reply
    

SwiftCompile normal arm64 /Users/yerekyerkinbekuly/ai-reply/AI-Reply/Shared/Model/WorkingHours.swift (in target 'AIReply' from project 'AIReply')
    cd /Users/yerekyerkinbekuly/ai-reply/AI-Reply
    

SwiftCompile normal arm64 /Users/yerekyerkinbekuly/ai-reply/AI-Reply/AIReply/Features/Profile/WorkingHoursView.swift (in target 'AIReply' from project 'AIReply')
    cd /Users/yerekyerkinbekuly/ai-reply/AI-Reply
    

SwiftCompile normal arm64 /Users/yerekyerkinbekuly/ai-reply/AI-Reply/build/SimDerivedData/Build/Intermediates.noindex/AIReply.build/Debug-iphonesimulator/AIReply.build/DerivedSources/GeneratedAssetSymbols.swift (in target 'AIReply' from project 'AIReply')
    cd /Users/yerekyerkinbekuly/ai-reply/AI-Reply
    

SwiftCompile normal arm64 Compiling\ ReplyPromptBuilder.swift,\ ReplyTemplate.swift,\ ReplyTransport.swift,\ SecureCredentialStore.swift,\ SettingsView.swift,\ SharedSettings.swift /Users/yerekyerkinbekuly/ai-reply/AI-Reply/Shared/AI/ReplyPromptBuilder.swift /Users/yerekyerkinbekuly/ai-reply/AI-Reply/Shared/Model/ReplyTemplate.swift /Users/yerekyerkinbekuly/ai-reply/AI-Reply/Shared/AI/ReplyTransport.swift /Users/yerekyerkinbekuly/ai-reply/AI-Reply/Shared/AI/SecureCredentialStore.swift /Users/yerekyerkinbekuly/ai-reply/AI-Reply/AIReply/Features/Settings/SettingsView.swift /Users/yerekyerkinbekuly/ai-reply/AI-Reply/Shared/SharedSettings.swift (in target 'AIReply' from project 'AIReply')

SwiftCompile normal arm64 /Users/yerekyerkinbekuly/ai-reply/AI-Reply/Shared/AI/ReplyPromptBuilder.swift (in target 'AIReply' from project 'AIReply')
    cd /Users/yerekyerkinbekuly/ai-reply/AI-Reply
    

SwiftCompile normal arm64 /Users/yerekyerkinbekuly/ai-reply/AI-Reply/Shared/Model/ReplyTemplate.swift (in target 'AIReply' from project 'AIReply')
    cd /Users/yerekyerkinbekuly/ai-reply/AI-Reply
    

SwiftCompile normal arm64 /Users/yerekyerkinbekuly/ai-reply/AI-Reply/Shared/AI/ReplyTransport.swift (in target 'AIReply' from project 'AIReply')
    cd /Users/yerekyerkinbekuly/ai-reply/AI-Reply
    

SwiftCompile normal arm64 /Users/yerekyerkinbekuly/ai-reply/AI-Reply/Shared/AI/SecureCredentialStore.swift (in target 'AIReply' from project 'AIReply')
    cd /Users/yerekyerkinbekuly/ai-reply/AI-Reply
    

SwiftCompile normal arm64 /Users/yerekyerkinbekuly/ai-reply/AI-Reply/AIReply/Features/Settings/SettingsView.swift (in target 'AIReply' from project 'AIReply')
    cd /Users/yerekyerkinbekuly/ai-reply/AI-Reply
    

SwiftCompile normal arm64 /Users/yerekyerkinbekuly/ai-reply/AI-Reply/Shared/SharedSettings.swift (in target 'AIReply' from project 'AIReply')
    cd /Users/yerekyerkinbekuly/ai-reply/AI-Reply
    

SwiftCompile normal arm64 Compiling\ SignInView.swift,\ SubscriptionView.swift,\ VerifyCodeView.swift,\ AIConfiguration.swift,\ AIReplyApp.swift,\ AIReplyError.swift /Users/yerekyerkinbekuly/ai-reply/AI-Reply/AIReply/Features/Account/SignInView.swift /Users/yerekyerkinbekuly/ai-reply/AI-Reply/AIReply/Features/Account/SubscriptionView.swift /Users/yerekyerkinbekuly/ai-reply/AI-Reply/AIReply/Features/Account/VerifyCodeView.swift /Users/yerekyerkinbekuly/ai-reply/AI-Reply/Shared/AI/AIConfiguration.swift /Users/yerekyerkinbekuly/ai-reply/AI-Reply/AIReply/App/AIReplyApp.swift /Users/yerekyerkinbekuly/ai-reply/AI-Reply/Shared/AI/AIReplyError.swift (in target 'AIReply' from project 'AIReply')

SwiftCompile normal arm64 /Users/yerekyerkinbekuly/ai-reply/AI-Reply/AIReply/Features/Account/SignInView.swift (in target 'AIReply' from project 'AIReply')
    cd /Users/yerekyerkinbekuly/ai-reply/AI-Reply
    

SwiftCompile normal arm64 /Users/yerekyerkinbekuly/ai-reply/AI-Reply/AIReply/Features/Account/SubscriptionView.swift (in target 'AIReply' from project 'AIReply')
    cd /Users/yerekyerkinbekuly/ai-reply/AI-Reply
    

SwiftCompile normal arm64 /Users/yerekyerkinbekuly/ai-reply/AI-Reply/AIReply/Features/Account/VerifyCodeView.swift (in target 'AIReply' from project 'AIReply')
    cd /Users/yerekyerkinbekuly/ai-reply/AI-Reply
    

SwiftCompile normal arm64 /Users/yerekyerkinbekuly/ai-reply/AI-Reply/Shared/AI/AIConfiguration.swift (in target 'AIReply' from project 'AIReply')
    cd /Users/yerekyerkinbekuly/ai-reply/AI-Reply
    

SwiftCompile normal arm64 /Users/yerekyerkinbekuly/ai-reply/AI-Reply/AIReply/App/AIReplyApp.swift (in target 'AIReply' from project 'AIReply')
    cd /Users/yerekyerkinbekuly/ai-reply/AI-Reply
    

SwiftCompile normal arm64 /Users/yerekyerkinbekuly/ai-reply/AI-Reply/Shared/AI/AIReplyError.swift (in target 'AIReply' from project 'AIReply')
    cd /Users/yerekyerkinbekuly/ai-reply/AI-Reply
    

SwiftCompile normal arm64 Compiling\ DesignSystem.swift,\ DictationSheet.swift,\ DirectOpenAITransport.swift,\ HomeView.swift,\ KeyboardLanguage.swift,\ KeyboardSetupView.swift /Users/yerekyerkinbekuly/ai-reply/AI-Reply/AIReply/DesignSystem/DesignSystem.swift /Users/yerekyerkinbekuly/ai-reply/AI-Reply/AIReply/Features/Voice/DictationSheet.swift /Users/yerekyerkinbekuly/ai-reply/AI-Reply/Shared/AI/DirectOpenAITransport.swift /Users/yerekyerkinbekuly/ai-reply/AI-Reply/AIReply/Features/Home/HomeView.swift /Users/yerekyerkinbekuly/ai-reply/AI-Reply/Shared/Model/KeyboardLanguage.swift /Users/yerekyerkinbekuly/ai-reply/AI-Reply/AIReply/Features/Setup/KeyboardSetupView.swift (in target 'AIReply' from project 'AIReply')
SwiftCompile normal arm64 /Users/yerekyerkinbekuly/ai-reply/AI-Reply/AIReply/DesignSystem/DesignSystem.swift (in target 'AIReply' from project 'AIReply')
    cd /Users/yerekyerkinbekuly/ai-reply/AI-Reply
    

SwiftCompile normal arm64 /Users/yerekyerkinbekuly/ai-reply/AI-Reply/AIReply/Features/Voice/DictationSheet.swift (in target 'AIReply' from project 'AIReply')
    cd /Users/yerekyerkinbekuly/ai-reply/AI-Reply
    

SwiftCompile normal arm64 /Users/yerekyerkinbekuly/ai-reply/AI-Reply/Shared/AI/DirectOpenAITransport.swift (in target 'AIReply' from project 'AIReply')
    cd /Users/yerekyerkinbekuly/ai-reply/AI-Reply
    

SwiftCompile normal arm64 /Users/yerekyerkinbekuly/ai-reply/AI-Reply/AIReply/Features/Home/HomeView.swift (in target 'AIReply' from project 'AIReply')
    cd /Users/yerekyerkinbekuly/ai-reply/AI-Reply
    

SwiftCompile normal arm64 /Users/yerekyerkinbekuly/ai-reply/AI-Reply/Shared/Model/KeyboardLanguage.swift (in target 'AIReply' from project 'AIReply')
    cd /Users/yerekyerkinbekuly/ai-reply/AI-Reply
    

SwiftCompile normal arm64 /Users/yerekyerkinbekuly/ai-reply/AI-Reply/AIReply/Features/Setup/KeyboardSetupView.swift (in target 'AIReply' from project 'AIReply')
    cd /Users/yerekyerkinbekuly/ai-reply/AI-Reply
    

SwiftCompile normal arm64 Compiling\ AppSettings.swift,\ BackendTransport.swift,\ BusinessContext.swift,\ CommunicationTypes.swift,\ ComposeView.swift,\ ComposeViewModel.swift /Users/yerekyerkinbekuly/ai-reply/AI-Reply/AIReply/App/AppSettings.swift /Users/yerekyerkinbekuly/ai-reply/AI-Reply/Shared/AI/BackendTransport.swift /Users/yerekyerkinbekuly/ai-reply/AI-Reply/Shared/Model/BusinessContext.swift /Users/yerekyerkinbekuly/ai-reply/AI-Reply/Shared/Model/CommunicationTypes.swift /Users/yerekyerkinbekuly/ai-reply/AI-Reply/AIReply/Features/Compose/ComposeView.swift /Users/yerekyerkinbekuly/ai-reply/AI-Reply/AIReply/Features/Compose/ComposeViewModel.swift (in target 'AIReply' from project 'AIReply')

SwiftCompile normal arm64 /Users/yerekyerkinbekuly/ai-reply/AI-Reply/AIReply/App/AppSettings.swift (in target 'AIReply' from project 'AIReply')
    cd /Users/yerekyerkinbekuly/ai-reply/AI-Reply
    

SwiftCompile normal arm64 /Users/yerekyerkinbekuly/ai-reply/AI-Reply/Shared/AI/BackendTransport.swift (in target 'AIReply' from project 'AIReply')
    cd /Users/yerekyerkinbekuly/ai-reply/AI-Reply
    

SwiftCompile normal arm64 /Users/yerekyerkinbekuly/ai-reply/AI-Reply/Shared/Model/BusinessContext.swift (in target 'AIReply' from project 'AIReply')
    cd /Users/yerekyerkinbekuly/ai-reply/AI-Reply
    

SwiftCompile normal arm64 /Users/yerekyerkinbekuly/ai-reply/AI-Reply/Shared/Model/CommunicationTypes.swift (in target 'AIReply' from project 'AIReply')
    cd /Users/yerekyerkinbekuly/ai-reply/AI-Reply
    

SwiftCompile normal arm64 /Users/yerekyerkinbekuly/ai-reply/AI-Reply/AIReply/Features/Compose/ComposeView.swift (in target 'AIReply' from project 'AIReply')
    cd /Users/yerekyerkinbekuly/ai-reply/AI-Reply
    

SwiftCompile normal arm64 /Users/yerekyerkinbekuly/ai-reply/AI-Reply/AIReply/Features/Compose/ComposeViewModel.swift (in target 'AIReply' from project 'AIReply')
    cd /Users/yerekyerkinbekuly/ai-reply/AI-Reply
    

SwiftCompile normal arm64 Compiling\ TemplateEditorView.swift,\ TemplateListView.swift,\ TemplateSummary.swift,\ UserProfile.swift,\ VoiceConfigurationParser.swift /Users/yerekyerkinbekuly/ai-reply/AI-Reply/AIReply/Features/Templates/TemplateEditorView.swift /Users/yerekyerkinbekuly/ai-reply/AI-Reply/AIReply/Features/Templates/TemplateListView.swift /Users/yerekyerkinbekuly/ai-reply/AI-Reply/Shared/Model/TemplateSummary.swift /Users/yerekyerkinbekuly/ai-reply/AI-Reply/Shared/Model/UserProfile.swift /Users/yerekyerkinbekuly/ai-reply/AI-Reply/Shared/VoiceConfigurationParser.swift (in target 'AIReply' from project 'AIReply')

SwiftCompile normal arm64 /Users/yerekyerkinbekuly/ai-reply/AI-Reply/AIReply/Features/Templates/TemplateEditorView.swift (in target 'AIReply' from project 'AIReply')
    cd /Users/yerekyerkinbekuly/ai-reply/AI-Reply
    

SwiftCompile normal arm64 /Users/yerekyerkinbekuly/ai-reply/AI-Reply/AIReply/Features/Templates/TemplateListView.swift (in target 'AIReply' from project 'AIReply')
    cd /Users/yerekyerkinbekuly/ai-reply/AI-Reply
    

SwiftCompile normal arm64 /Users/yerekyerkinbekuly/ai-reply/AI-Reply/Shared/Model/TemplateSummary.swift (in target 'AIReply' from project 'AIReply')
    cd /Users/yerekyerkinbekuly/ai-reply/AI-Reply
    

SwiftCompile normal arm64 /Users/yerekyerkinbekuly/ai-reply/AI-Reply/Shared/Model/UserProfile.swift (in target 'AIReply' from project 'AIReply')
    cd /Users/yerekyerkinbekuly/ai-reply/AI-Reply
    

SwiftCompile normal arm64 /Users/yerekyerkinbekuly/ai-reply/AI-Reply/Shared/VoiceConfigurationParser.swift (in target 'AIReply' from project 'AIReply')
    cd /Users/yerekyerkinbekuly/ai-reply/AI-Reply
    

SwiftDriverJobDiscovery normal arm64 Emitting module for AIReply (in target 'AIReply' from project 'AIReply')

SwiftDriver\ Compilation\ Requirements AIReply normal arm64 com.apple.xcode.tools.swift.compiler (in target 'AIReply' from project 'AIReply')
    cd /Users/yerekyerkinbekuly/ai-reply/AI-Reply
    builtin-Swift-Compilation-Requirements -- /Applications/Xcode.app/Contents/Developer/Toolchains/XcodeDefault.xctoolchain/usr/bin/swiftc -module-name AIReply -Onone @/Users/yerekyerkinbekuly/ai-reply/AI-Reply/build/SimDerivedData/Build/Intermediates.noindex/AIReply.build/Debug-iphonesimulator/AIReply.build/Objects-normal/arm64/AIReply.SwiftFileList -DDEBUG -enable-bare-slash-regex -enable-experimental-feature DebugDescriptionMacro -sdk /Applications/Xcode.app/Contents/Developer/Platforms/iPhoneSimulator.platform/Developer/SDKs/iPhoneSimulator26.5.sdk -target arm64-apple-ios17.0-simulator -g -module-cache-path /Users/yerekyerkinbekuly/ai-reply/AI-Reply/build/SimDerivedData/ModuleCache.noindex -Xfrontend -serialize-debugging-options -enable-testing -index-store-path /Users/yerekyerkinbekuly/ai-reply/AI-Reply/build/SimDerivedData/Index.noindex/DataStore -Xcc -D_LIBCPP_HARDENING_MODE\=_LIBCPP_HARDENING_MODE_DEBUG -swift-version 5 -I /Users/yerekyerkinbekuly/ai-reply/AI-Reply/build/SimDerivedData/Build/Products/Debug-iphonesimulator -F /Users/yerekyerkinbekuly/ai-reply/AI-Reply/build/SimDerivedData/Build/Products/Debug-iphonesimulator -c -j10 -enable-batch-mode -incremental -Xcc -ivfsstatcache -Xcc /Users/yerekyerkinbekuly/ai-reply/AI-Reply/build/SimDerivedData/SDKStatCaches.noindex/iphonesimulator26.5-23F81a-6cfe768891a92b912361537c460fe42b.sdkstatcache -output-file-map /Users/yerekyerkinbekuly/ai-reply/AI-Reply/build/SimDerivedData/Build/Intermediates.noindex/AIReply.build/Debug-iphonesimulator/AIReply.build/Objects-normal/arm64/AIReply-OutputFileMap.json -use-frontend-parseable-output -save-temps -no-color-diagnostics -explicit-module-build -module-cache-path /Users/yerekyerkinbekuly/ai-reply/AI-Reply/build/SimDerivedData/Build/Intermediates.noindex/SwiftExplicitPrecompiledModules -clang-scanner-module-cache-path /Users/yerekyerkinbekuly/ai-reply/AI-Reply/build/SimDerivedData/ModuleCache.noindex -sdk-module-cache-path /Users/yerekyerkinbekuly/ai-reply/AI-Reply/build/SimDerivedData/ModuleCache.noindex -serialize-diagnostics -emit-dependencies -emit-module -emit-module-path /Users/yerekyerkinbekuly/ai-reply/AI-Reply/build/SimDerivedData/Build/Intermediates.noindex/AIReply.build/Debug-iphonesimulator/AIReply.build/Objects-normal/arm64/AIReply.swiftmodule -validate-clang-modules-once -clang-build-session-file /Users/yerekyerkinbekuly/ai-reply/AI-Reply/build/SimDerivedData/ModuleCache.noindex/Session.modulevalidation -Xcc -I/Users/yerekyerkinbekuly/ai-reply/AI-Reply/build/SimDerivedData/Build/Intermediates.noindex/AIReply.build/Debug-iphonesimulator/AIReply.build/swift-overrides.hmap -emit-const-values -Xfrontend -const-gather-protocols-file -Xfrontend /Users/yerekyerkinbekuly/ai-reply/AI-Reply/build/SimDerivedData/Build/Intermediates.noindex/AIReply.build/Debug-iphonesimulator/AIReply.build/Objects-normal/arm64/AIReply_const_extract_protocols.json -Xcc -iquote -Xcc /Users/yerekyerkinbekuly/ai-reply/AI-Reply/build/SimDerivedData/Build/Intermediates.noindex/AIReply.build/Debug-iphonesimulator/AIReply.build/AIReply-generated-files.hmap -Xcc -I/Users/yerekyerkinbekuly/ai-reply/AI-Reply/build/SimDerivedData/Build/Intermediates.noindex/AIReply.build/Debug-iphonesimulator/AIReply.build/AIReply-own-target-headers.hmap -Xcc -I/Users/yerekyerkinbekuly/ai-reply/AI-Reply/build/SimDerivedData/Build/Intermediates.noindex/AIReply.build/Debug-iphonesimulator/AIReply.build/AIReply-all-target-headers.hmap -Xcc -iquote -Xcc /Users/yerekyerkinbekuly/ai-reply/AI-Reply/build/SimDerivedData/Build/Intermediates.noindex/AIReply.build/Debug-iphonesimulator/AIReply.build/AIReply-project-headers.hmap -Xcc -I/Users/yerekyerkinbekuly/ai-reply/AI-Reply/build/SimDerivedData/Build/Products/Debug-iphonesimulator/include -Xcc -I/Users/yerekyerkinbekuly/ai-reply/AI-Reply/build/SimDerivedData/Build/Intermediates.noindex/AIReply.build/Debug-iphonesimulator/AIReply.build/DerivedSources-normal/arm64 -Xcc -I/Users/yerekyerkinbekuly/ai-reply/AI-Reply/build/SimDerivedData/Build/Intermediates.noindex/AIReply.build/Debug-iphonesimulator/AIReply.build/DerivedSources/arm64 -Xcc -I/Users/yerekyerkinbekuly/ai-reply/AI-Reply/build/SimDerivedData/Build/Intermediates.noindex/AIReply.build/Debug-iphonesimulator/AIReply.build/DerivedSources -Xcc -DDEBUG\=1 -emit-objc-header -emit-objc-header-path /Users/yerekyerkinbekuly/ai-reply/AI-Reply/build/SimDerivedData/Build/Intermediates.noindex/AIReply.build/Debug-iphonesimulator/AIReply.build/Objects-normal/arm64/AIReply-Swift.h -working-directory /Users/yerekyerkinbekuly/ai-reply/AI-Reply -experimental-emit-module-separately -disable-cmo

SwiftDriverJobDiscovery normal arm64 Compiling ReplyPromptBuilder.swift, ReplyTemplate.swift, ReplyTransport.swift, SecureCredentialStore.swift, SettingsView.swift, SharedSettings.swift (in target 'AIReply' from project 'AIReply')

SwiftCompile normal arm64 Compiling\ AIReplyService.swift,\ AIReplyStrings.swift,\ APIKeyEditor.swift,\ AppGroup.swift,\ AppLanguage.swift,\ AppMarkView.swift /Users/yerekyerkinbekuly/ai-reply/AI-Reply/Shared/AI/AIReplyService.swift /Users/yerekyerkinbekuly/ai-reply/AI-Reply/Shared/AI/AIReplyStrings.swift /Users/yerekyerkinbekuly/ai-reply/AI-Reply/AIReply/Features/Settings/APIKeyEditor.swift /Users/yerekyerkinbekuly/ai-reply/AI-Reply/Shared/AppGroup.swift /Users/yerekyerkinbekuly/ai-reply/AI-Reply/Shared/AppLanguage.swift /Users/yerekyerkinbekuly/ai-reply/AI-Reply/AIReply/DesignSystem/AppMarkView.swift (in target 'AIReply' from project 'AIReply')

SwiftCompile normal arm64 /Users/yerekyerkinbekuly/ai-reply/AI-Reply/Shared/AI/AIReplyService.swift (in target 'AIReply' from project 'AIReply')
    cd /Users/yerekyerkinbekuly/ai-reply/AI-Reply
    

SwiftCompile normal arm64 /Users/yerekyerkinbekuly/ai-reply/AI-Reply/Shared/AI/AIReplyStrings.swift (in target 'AIReply' from project 'AIReply')
    cd /Users/yerekyerkinbekuly/ai-reply/AI-Reply
    

SwiftCompile normal arm64 /Users/yerekyerkinbekuly/ai-reply/AI-Reply/AIReply/Features/Settings/APIKeyEditor.swift (in target 'AIReply' from project 'AIReply')
    cd /Users/yerekyerkinbekuly/ai-reply/AI-Reply
    

SwiftCompile normal arm64 /Users/yerekyerkinbekuly/ai-reply/AI-Reply/Shared/AppGroup.swift (in target 'AIReply' from project 'AIReply')
    cd /Users/yerekyerkinbekuly/ai-reply/AI-Reply
    

SwiftCompile normal arm64 /Users/yerekyerkinbekuly/ai-reply/AI-Reply/Shared/AppLanguage.swift (in target 'AIReply' from project 'AIReply')
    cd /Users/yerekyerkinbekuly/ai-reply/AI-Reply
    

SwiftCompile normal arm64 /Users/yerekyerkinbekuly/ai-reply/AI-Reply/AIReply/DesignSystem/AppMarkView.swift (in target 'AIReply' from project 'AIReply')
    cd /Users/yerekyerkinbekuly/ai-reply/AI-Reply
    

SwiftDriverJobDiscovery normal arm64 Compiling AccountSession.swift, AccountUsageCache.swift, AccountGateView.swift, AccountModel.swift, AccountSettingsSection.swift, RegistrationStepView.swift (in target 'AIReply' from project 'AIReply')

SwiftMergeGeneratedHeaders /Users/yerekyerkinbekuly/ai-reply/AI-Reply/build/SimDerivedData/Build/Intermediates.noindex/AIReply.build/Debug-iphonesimulator/AIReply.build/DerivedSources/AIReply-Swift.h /Users/yerekyerkinbekuly/ai-reply/AI-Reply/build/SimDerivedData/Build/Intermediates.noindex/AIReply.build/Debug-iphonesimulator/AIReply.build/Objects-normal/arm64/AIReply-Swift.h (in target 'AIReply' from project 'AIReply')
    cd /Users/yerekyerkinbekuly/ai-reply/AI-Reply
    builtin-swiftHeaderTool -arch arm64 /Users/yerekyerkinbekuly/ai-reply/AI-Reply/build/SimDerivedData/Build/Intermediates.noindex/AIReply.build/Debug-iphonesimulator/AIReply.build/Objects-normal/arm64/AIReply-Swift.h -o /Users/yerekyerkinbekuly/ai-reply/AI-Reply/build/SimDerivedData/Build/Intermediates.noindex/AIReply.build/Debug-iphonesimulator/AIReply.build/DerivedSources/AIReply-Swift.h

Copy /Users/yerekyerkinbekuly/ai-reply/AI-Reply/build/SimDerivedData/Build/Products/Debug-iphonesimulator/AIReply.swiftmodule/arm64-apple-ios-simulator.swiftmodule /Users/yerekyerkinbekuly/ai-reply/AI-Reply/build/SimDerivedData/Build/Intermediates.noindex/AIReply.build/Debug-iphonesimulator/AIReply.build/Objects-normal/arm64/AIReply.swiftmodule (in target 'AIReply' from project 'AIReply')
    cd /Users/yerekyerkinbekuly/ai-reply/AI-Reply
    builtin-copy -exclude .DS_Store -exclude CVS -exclude .svn -exclude .git -exclude .hg -resolve-src-symlinks -rename /Users/yerekyerkinbekuly/ai-reply/AI-Reply/build/SimDerivedData/Build/Intermediates.noindex/AIReply.build/Debug-iphonesimulator/AIReply.build/Objects-normal/arm64/AIReply.swiftmodule /Users/yerekyerkinbekuly/ai-reply/AI-Reply/build/SimDerivedData/Build/Products/Debug-iphonesimulator/AIReply.swiftmodule/arm64-apple-ios-simulator.swiftmodule

Copy /Users/yerekyerkinbekuly/ai-reply/AI-Reply/build/SimDerivedData/Build/Products/Debug-iphonesimulator/AIReply.swiftmodule/arm64-apple-ios-simulator.swiftdoc /Users/yerekyerkinbekuly/ai-reply/AI-Reply/build/SimDerivedData/Build/Intermediates.noindex/AIReply.build/Debug-iphonesimulator/AIReply.build/Objects-normal/arm64/AIReply.swiftdoc (in target 'AIReply' from project 'AIReply')
    cd /Users/yerekyerkinbekuly/ai-reply/AI-Reply
    builtin-copy -exclude .DS_Store -exclude CVS -exclude .svn -exclude .git -exclude .hg -resolve-src-symlinks -rename /Users/yerekyerkinbekuly/ai-reply/AI-Reply/build/SimDerivedData/Build/Intermediates.noindex/AIReply.build/Debug-iphonesimulator/AIReply.build/Objects-normal/arm64/AIReply.swiftdoc /Users/yerekyerkinbekuly/ai-reply/AI-Reply/build/SimDerivedData/Build/Products/Debug-iphonesimulator/AIReply.swiftmodule/arm64-apple-ios-simulator.swiftdoc

Copy /Users/yerekyerkinbekuly/ai-reply/AI-Reply/build/SimDerivedData/Build/Products/Debug-iphonesimulator/AIReply.swiftmodule/arm64-apple-ios-simulator.abi.json /Users/yerekyerkinbekuly/ai-reply/AI-Reply/build/SimDerivedData/Build/Intermediates.noindex/AIReply.build/Debug-iphonesimulator/AIReply.build/Objects-normal/arm64/AIReply.abi.json (in target 'AIReply' from project 'AIReply')
    cd /Users/yerekyerkinbekuly/ai-reply/AI-Reply
    builtin-copy -exclude .DS_Store -exclude CVS -exclude .svn -exclude .git -exclude .hg -resolve-src-symlinks -rename /Users/yerekyerkinbekuly/ai-reply/AI-Reply/build/SimDerivedData/Build/Intermediates.noindex/AIReply.build/Debug-iphonesimulator/AIReply.build/Objects-normal/arm64/AIReply.abi.json /Users/yerekyerkinbekuly/ai-reply/AI-Reply/build/SimDerivedData/Build/Products/Debug-iphonesimulator/AIReply.swiftmodule/arm64-apple-ios-simulator.abi.json

Copy /Users/yerekyerkinbekuly/ai-reply/AI-Reply/build/SimDerivedData/Build/Products/Debug-iphonesimulator/AIReply.swiftmodule/Project/arm64-apple-ios-simulator.swiftsourceinfo /Users/yerekyerkinbekuly/ai-reply/AI-Reply/build/SimDerivedData/Build/Intermediates.noindex/AIReply.build/Debug-iphonesimulator/AIReply.build/Objects-normal/arm64/AIReply.swiftsourceinfo (in target 'AIReply' from project 'AIReply')
    cd /Users/yerekyerkinbekuly/ai-reply/AI-Reply
    builtin-copy -exclude .DS_Store -exclude CVS -exclude .svn -exclude .git -exclude .hg -resolve-src-symlinks -rename /Users/yerekyerkinbekuly/ai-reply/AI-Reply/build/SimDerivedData/Build/Intermediates.noindex/AIReply.build/Debug-iphonesimulator/AIReply.build/Objects-normal/arm64/AIReply.swiftsourceinfo /Users/yerekyerkinbekuly/ai-reply/AI-Reply/build/SimDerivedData/Build/Products/Debug-iphonesimulator/AIReply.swiftmodule/Project/arm64-apple-ios-simulator.swiftsourceinfo

SwiftDriverJobDiscovery normal arm64 Compiling ServiceModeEditor.swift, APIClient.swift, AccountCredentials.swift, AccountModels.swift, AccountReplyTransport.swift, AccountService.swift (in target 'AIReply' from project 'AIReply')

SwiftDriverJobDiscovery normal arm64 Compiling AppSettings.swift, BackendTransport.swift, BusinessContext.swift, CommunicationTypes.swift, ComposeView.swift, ComposeViewModel.swift (in target 'AIReply' from project 'AIReply')

SwiftDriverJobDiscovery normal arm64 Compiling LocalizedDisplay.swift, OnboardingView.swift, ProfileEditorView.swift, ProfileStore.swift, ReplyConfigurationModel.swift, ReplyDraftNormalizer.swift (in target 'AIReply' from project 'AIReply')

SwiftDriverJobDiscovery normal arm64 Compiling SignInView.swift, SubscriptionView.swift, VerifyCodeView.swift, AIConfiguration.swift, AIReplyApp.swift, AIReplyError.swift (in target 'AIReply' from project 'AIReply')

SwiftDriverJobDiscovery normal arm64 Compiling VoiceReplyViewModel.swift, VoiceSuggestionSheet.swift, WorkingHours.swift, WorkingHoursView.swift, GeneratedAssetSymbols.swift (in target 'AIReply' from project 'AIReply')

LinkAssetCatalog /Users/yerekyerkinbekuly/ai-reply/AI-Reply/AIReply/Resources/Assets.xcassets (in target 'AIReply' from project 'AIReply')
    cd /Users/yerekyerkinbekuly/ai-reply/AI-Reply
    builtin-linkAssetCatalog --thinned /Users/yerekyerkinbekuly/ai-reply/AI-Reply/build/SimDerivedData/Build/Intermediates.noindex/AIReply.build/Debug-iphonesimulator/AIReply.build/assetcatalog_output/thinned --thinned-dependencies /Users/yerekyerkinbekuly/ai-reply/AI-Reply/build/SimDerivedData/Build/Intermediates.noindex/AIReply.build/Debug-iphonesimulator/AIReply.build/assetcatalog_dependencies_thinned --thinned-info-plist-content /Users/yerekyerkinbekuly/ai-reply/AI-Reply/build/SimDerivedData/Build/Intermediates.noindex/AIReply.build/Debug-iphonesimulator/AIReply.build/assetcatalog_generated_info.plist_thinned --unthinned /Users/yerekyerkinbekuly/ai-reply/AI-Reply/build/SimDerivedData/Build/Intermediates.noindex/AIReply.build/Debug-iphonesimulator/AIReply.build/assetcatalog_output/unthinned --unthinned-dependencies /Users/yerekyerkinbekuly/ai-reply/AI-Reply/build/SimDerivedData/Build/Intermediates.noindex/AIReply.build/Debug-iphonesimulator/AIReply.build/assetcatalog_dependencies_unthinned --unthinned-info-plist-content /Users/yerekyerkinbekuly/ai-reply/AI-Reply/build/SimDerivedData/Build/Intermediates.noindex/AIReply.build/Debug-iphonesimulator/AIReply.build/assetcatalog_generated_info.plist_unthinned --output /Users/yerekyerkinbekuly/ai-reply/AI-Reply/build/SimDerivedData/Build/Products/Debug-iphonesimulator/AIReply.app --plist-output /Users/yerekyerkinbekuly/ai-reply/AI-Reply/build/SimDerivedData/Build/Intermediates.noindex/AIReply.build/Debug-iphonesimulator/AIReply.build/assetcatalog_generated_info.plist
note: Emplaced /Users/yerekyerkinbekuly/ai-reply/AI-Reply/build/SimDerivedData/Build/Products/Debug-iphonesimulator/AIReply.app/AppIcon60x60@2x.png (in target 'AIReply' from project 'AIReply')
note: Emplaced /Users/yerekyerkinbekuly/ai-reply/AI-Reply/build/SimDerivedData/Build/Products/Debug-iphonesimulator/AIReply.app/AppIcon76x76@2x~ipad.png (in target 'AIReply' from project 'AIReply')
note: Emplaced /Users/yerekyerkinbekuly/ai-reply/AI-Reply/build/SimDerivedData/Build/Products/Debug-iphonesimulator/AIReply.app/Assets.car (in target 'AIReply' from project 'AIReply')

SwiftDriverJobDiscovery normal arm64 Compiling AIReplyService.swift, AIReplyStrings.swift, APIKeyEditor.swift, AppGroup.swift, AppLanguage.swift, AppMarkView.swift (in target 'AIReply' from project 'AIReply')

SwiftDriverJobDiscovery normal arm64 Compiling TemplateEditorView.swift, TemplateListView.swift, TemplateSummary.swift, UserProfile.swift, VoiceConfigurationParser.swift (in target 'AIReply' from project 'AIReply')

SwiftDriverJobDiscovery normal arm64 Compiling DesignSystem.swift, DictationSheet.swift, DirectOpenAITransport.swift, HomeView.swift, KeyboardLanguage.swift, KeyboardSetupView.swift (in target 'AIReply' from project 'AIReply')

SwiftDriver\ Compilation AIReply normal arm64 com.apple.xcode.tools.swift.compiler (in target 'AIReply' from project 'AIReply')
    cd /Users/yerekyerkinbekuly/ai-reply/AI-Reply
    builtin-Swift-Compilation -- /Applications/Xcode.app/Contents/Developer/Toolchains/XcodeDefault.xctoolchain/usr/bin/swiftc -module-name AIReply -Onone @/Users/yerekyerkinbekuly/ai-reply/AI-Reply/build/SimDerivedData/Build/Intermediates.noindex/AIReply.build/Debug-iphonesimulator/AIReply.build/Objects-normal/arm64/AIReply.SwiftFileList -DDEBUG -enable-bare-slash-regex -enable-experimental-feature DebugDescriptionMacro -sdk /Applications/Xcode.app/Contents/Developer/Platforms/iPhoneSimulator.platform/Developer/SDKs/iPhoneSimulator26.5.sdk -target arm64-apple-ios17.0-simulator -g -module-cache-path /Users/yerekyerkinbekuly/ai-reply/AI-Reply/build/SimDerivedData/ModuleCache.noindex -Xfrontend -serialize-debugging-options -enable-testing -index-store-path /Users/yerekyerkinbekuly/ai-reply/AI-Reply/build/SimDerivedData/Index.noindex/DataStore -Xcc -D_LIBCPP_HARDENING_MODE\=_LIBCPP_HARDENING_MODE_DEBUG -swift-version 5 -I /Users/yerekyerkinbekuly/ai-reply/AI-Reply/build/SimDerivedData/Build/Products/Debug-iphonesimulator -F /Users/yerekyerkinbekuly/ai-reply/AI-Reply/build/SimDerivedData/Build/Products/Debug-iphonesimulator -c -j10 -enable-batch-mode -incremental -Xcc -ivfsstatcache -Xcc /Users/yerekyerkinbekuly/ai-reply/AI-Reply/build/SimDerivedData/SDKStatCaches.noindex/iphonesimulator26.5-23F81a-6cfe768891a92b912361537c460fe42b.sdkstatcache -output-file-map /Users/yerekyerkinbekuly/ai-reply/AI-Reply/build/SimDerivedData/Build/Intermediates.noindex/AIReply.build/Debug-iphonesimulator/AIReply.build/Objects-normal/arm64/AIReply-OutputFileMap.json -use-frontend-parseable-output -save-temps -no-color-diagnostics -explicit-module-build -module-cache-path /Users/yerekyerkinbekuly/ai-reply/AI-Reply/build/SimDerivedData/Build/Intermediates.noindex/SwiftExplicitPrecompiledModules -clang-scanner-module-cache-path /Users/yerekyerkinbekuly/ai-reply/AI-Reply/build/SimDerivedData/ModuleCache.noindex -sdk-module-cache-path /Users/yerekyerkinbekuly/ai-reply/AI-Reply/build/SimDerivedData/ModuleCache.noindex -serialize-diagnostics -emit-dependencies -emit-module -emit-module-path /Users/yerekyerkinbekuly/ai-reply/AI-Reply/build/SimDerivedData/Build/Intermediates.noindex/AIReply.build/Debug-iphonesimulator/AIReply.build/Objects-normal/arm64/AIReply.swiftmodule -validate-clang-modules-once -clang-build-session-file /Users/yerekyerkinbekuly/ai-reply/AI-Reply/build/SimDerivedData/ModuleCache.noindex/Session.modulevalidation -Xcc -I/Users/yerekyerkinbekuly/ai-reply/AI-Reply/build/SimDerivedData/Build/Intermediates.noindex/AIReply.build/Debug-iphonesimulator/AIReply.build/swift-overrides.hmap -emit-const-values -Xfrontend -const-gather-protocols-file -Xfrontend /Users/yerekyerkinbekuly/ai-reply/AI-Reply/build/SimDerivedData/Build/Intermediates.noindex/AIReply.build/Debug-iphonesimulator/AIReply.build/Objects-normal/arm64/AIReply_const_extract_protocols.json -Xcc -iquote -Xcc /Users/yerekyerkinbekuly/ai-reply/AI-Reply/build/SimDerivedData/Build/Intermediates.noindex/AIReply.build/Debug-iphonesimulator/AIReply.build/AIReply-generated-files.hmap -Xcc -I/Users/yerekyerkinbekuly/ai-reply/AI-Reply/build/SimDerivedData/Build/Intermediates.noindex/AIReply.build/Debug-iphonesimulator/AIReply.build/AIReply-own-target-headers.hmap -Xcc -I/Users/yerekyerkinbekuly/ai-reply/AI-Reply/build/SimDerivedData/Build/Intermediates.noindex/AIReply.build/Debug-iphonesimulator/AIReply.build/AIReply-all-target-headers.hmap -Xcc -iquote -Xcc /Users/yerekyerkinbekuly/ai-reply/AI-Reply/build/SimDerivedData/Build/Intermediates.noindex/AIReply.build/Debug-iphonesimulator/AIReply.build/AIReply-project-headers.hmap -Xcc -I/Users/yerekyerkinbekuly/ai-reply/AI-Reply/build/SimDerivedData/Build/Products/Debug-iphonesimulator/include -Xcc -I/Users/yerekyerkinbekuly/ai-reply/AI-Reply/build/SimDerivedData/Build/Intermediates.noindex/AIReply.build/Debug-iphonesimulator/AIReply.build/DerivedSources-normal/arm64 -Xcc -I/Users/yerekyerkinbekuly/ai-reply/AI-Reply/build/SimDerivedData/Build/Intermediates.noindex/AIReply.build/Debug-iphonesimulator/AIReply.build/DerivedSources/arm64 -Xcc -I/Users/yerekyerkinbekuly/ai-reply/AI-Reply/build/SimDerivedData/Build/Intermediates.noindex/AIReply.build/Debug-iphonesimulator/AIReply.build/DerivedSources -Xcc -DDEBUG\=1 -emit-objc-header -emit-objc-header-path /Users/yerekyerkinbekuly/ai-reply/AI-Reply/build/SimDerivedData/Build/Intermediates.noindex/AIReply.build/Debug-iphonesimulator/AIReply.build/Objects-normal/arm64/AIReply-Swift.h -working-directory /Users/yerekyerkinbekuly/ai-reply/AI-Reply -experimental-emit-module-separately -disable-cmo

Ld /Users/yerekyerkinbekuly/ai-reply/AI-Reply/build/SimDerivedData/Build/Products/Debug-iphonesimulator/AIReply.app/AIReply.debug.dylib normal (in target 'AIReply' from project 'AIReply')
    cd /Users/yerekyerkinbekuly/ai-reply/AI-Reply
    /Applications/Xcode.app/Contents/Developer/Toolchains/XcodeDefault.xctoolchain/usr/bin/clang -Xlinker -reproducible -target arm64-apple-ios17.0-simulator -dynamiclib -isysroot /Applications/Xcode.app/Contents/Developer/Platforms/iPhoneSimulator.platform/Developer/SDKs/iPhoneSimulator26.5.sdk -O0 -L/Users/yerekyerkinbekuly/ai-reply/AI-Reply/build/SimDerivedData/Build/Intermediates.noindex/EagerLinkingTBDs/Debug-iphonesimulator -L/Users/yerekyerkinbekuly/ai-reply/AI-Reply/build/SimDerivedData/Build/Products/Debug-iphonesimulator -F/Users/yerekyerkinbekuly/ai-reply/AI-Reply/build/SimDerivedData/Build/Intermediates.noindex/EagerLinkingTBDs/Debug-iphonesimulator -F/Users/yerekyerkinbekuly/ai-reply/AI-Reply/build/SimDerivedData/Build/Products/Debug-iphonesimulator -filelist /Users/yerekyerkinbekuly/ai-reply/AI-Reply/build/SimDerivedData/Build/Intermediates.noindex/AIReply.build/Debug-iphonesimulator/AIReply.build/Objects-normal/arm64/AIReply.LinkFileList -install_name @rpath/AIReply.debug.dylib -Xlinker -rpath -Xlinker /usr/lib/swift -Xlinker -rpath -Xlinker @executable_path/Frameworks -Xlinker -dead_strip -Xlinker -object_path_lto -Xlinker /Users/yerekyerkinbekuly/ai-reply/AI-Reply/build/SimDerivedData/Build/Intermediates.noindex/AIReply.build/Debug-iphonesimulator/AIReply.build/Objects-normal/arm64/AIReply_lto.o -rdynamic -Xlinker -no_deduplicate -Xlinker -objc_abi_version -Xlinker 2 -Xlinker -dependency_info -Xlinker /Users/yerekyerkinbekuly/ai-reply/AI-Reply/build/SimDerivedData/Build/Intermediates.noindex/AIReply.build/Debug-iphonesimulator/AIReply.build/Objects-normal/arm64/AIReply_dependency_info.dat -fobjc-link-runtime -L/Applications/Xcode.app/Contents/Developer/Toolchains/XcodeDefault.xctoolchain/usr/lib/swift/iphonesimulator -L/usr/lib/swift -Xlinker -add_ast_path -Xlinker /Users/yerekyerkinbekuly/ai-reply/AI-Reply/build/SimDerivedData/Build/Intermediates.noindex/AIReply.build/Debug-iphonesimulator/AIReply.build/Objects-normal/arm64/AIReply.swiftmodule @/Users/yerekyerkinbekuly/ai-reply/AI-Reply/build/SimDerivedData/Build/Intermediates.noindex/AIReply.build/Debug-iphonesimulator/AIReply.build/Objects-normal/arm64/AIReply-linker-args.resp -Xlinker -alias -Xlinker _main -Xlinker ___debug_main_executable_dylib_entry_point -o /Users/yerekyerkinbekuly/ai-reply/AI-Reply/build/SimDerivedData/Build/Products/Debug-iphonesimulator/AIReply.app/AIReply.debug.dylib

ConstructStubExecutorLinkFileList /Users/yerekyerkinbekuly/ai-reply/AI-Reply/build/SimDerivedData/Build/Intermediates.noindex/AIReply.build/Debug-iphonesimulator/AIReply.build/AIReply-ExecutorLinkFileList-normal-arm64.txt (in target 'AIReply' from project 'AIReply')
    cd /Users/yerekyerkinbekuly/ai-reply/AI-Reply
    construct-stub-executor-link-file-list /Users/yerekyerkinbekuly/ai-reply/AI-Reply/build/SimDerivedData/Build/Products/Debug-iphonesimulator/AIReply.app/AIReply.debug.dylib /Applications/Xcode.app/Contents/Developer/Platforms/iPhoneSimulator.platform/Developer/usr/lib/libPreviewsJITStubExecutor_no_swift_entry_point.a /Applications/Xcode.app/Contents/Developer/Platforms/iPhoneSimulator.platform/Developer/usr/lib/libPreviewsJITStubExecutor.a --output /Users/yerekyerkinbekuly/ai-reply/AI-Reply/build/SimDerivedData/Build/Intermediates.noindex/AIReply.build/Debug-iphonesimulator/AIReply.build/AIReply-ExecutorLinkFileList-normal-arm64.txt
note: Using stub executor library with Swift entry point. (in target 'AIReply' from project 'AIReply')

Ld /Users/yerekyerkinbekuly/ai-reply/AI-Reply/build/SimDerivedData/Build/Products/Debug-iphonesimulator/AIReply.app/AIReply normal (in target 'AIReply' from project 'AIReply')
    cd /Users/yerekyerkinbekuly/ai-reply/AI-Reply
    /Applications/Xcode.app/Contents/Developer/Toolchains/XcodeDefault.xctoolchain/usr/bin/clang -Xlinker -reproducible -target arm64-apple-ios17.0-simulator -isysroot /Applications/Xcode.app/Contents/Developer/Platforms/iPhoneSimulator.platform/Developer/SDKs/iPhoneSimulator26.5.sdk -O0 -L/Users/yerekyerkinbekuly/ai-reply/AI-Reply/build/SimDerivedData/Build/Products/Debug-iphonesimulator -F/Users/yerekyerkinbekuly/ai-reply/AI-Reply/build/SimDerivedData/Build/Products/Debug-iphonesimulator -Xlinker -rpath -Xlinker @executable_path -Xlinker -rpath -Xlinker @executable_path/Frameworks -rdynamic -Xlinker -no_deduplicate -Xlinker -objc_abi_version -Xlinker 2 -e ___debug_blank_executor_main -Xlinker -sectcreate -Xlinker __TEXT -Xlinker __debug_dylib -Xlinker /Users/yerekyerkinbekuly/ai-reply/AI-Reply/build/SimDerivedData/Build/Intermediates.noindex/AIReply.build/Debug-iphonesimulator/AIReply.build/AIReply-DebugDylibPath-normal-arm64.txt -Xlinker -sectcreate -Xlinker __TEXT -Xlinker __debug_instlnm -Xlinker /Users/yerekyerkinbekuly/ai-reply/AI-Reply/build/SimDerivedData/Build/Intermediates.noindex/AIReply.build/Debug-iphonesimulator/AIReply.build/AIReply-DebugDylibInstallName-normal-arm64.txt -Xlinker -filelist -Xlinker /Users/yerekyerkinbekuly/ai-reply/AI-Reply/build/SimDerivedData/Build/Intermediates.noindex/AIReply.build/Debug-iphonesimulator/AIReply.build/AIReply-ExecutorLinkFileList-normal-arm64.txt /Users/yerekyerkinbekuly/ai-reply/AI-Reply/build/SimDerivedData/Build/Products/Debug-iphonesimulator/AIReply.app/AIReply.debug.dylib -o /Users/yerekyerkinbekuly/ai-reply/AI-Reply/build/SimDerivedData/Build/Products/Debug-iphonesimulator/AIReply.app/AIReply

Copy /Users/yerekyerkinbekuly/ai-reply/AI-Reply/build/SimDerivedData/Build/Products/Debug-iphonesimulator/AIReply.app/PlugIns/ReplyKeyboardExtension.appex /Users/yerekyerkinbekuly/ai-reply/AI-Reply/build/SimDerivedData/Build/Products/Debug-iphonesimulator/ReplyKeyboardExtension.appex (in target 'AIReply' from project 'AIReply')
    cd /Users/yerekyerkinbekuly/ai-reply/AI-Reply
    builtin-copy -exclude .DS_Store -exclude CVS -exclude .svn -exclude .git -exclude .hg -exclude Headers -exclude PrivateHeaders -exclude Modules -exclude \*.tbd -resolve-src-symlinks -remove-static-executable /Users/yerekyerkinbekuly/ai-reply/AI-Reply/build/SimDerivedData/Build/Products/Debug-iphonesimulator/ReplyKeyboardExtension.appex /Users/yerekyerkinbekuly/ai-reply/AI-Reply/build/SimDerivedData/Build/Products/Debug-iphonesimulator/AIReply.app/PlugIns

ProcessInfoPlistFile /Users/yerekyerkinbekuly/ai-reply/AI-Reply/build/SimDerivedData/Build/Products/Debug-iphonesimulator/AIReply.app/Info.plist /Users/yerekyerkinbekuly/ai-reply/AI-Reply/AIReply/Info.plist (in target 'AIReply' from project 'AIReply')
    cd /Users/yerekyerkinbekuly/ai-reply/AI-Reply
    builtin-infoPlistUtility /Users/yerekyerkinbekuly/ai-reply/AI-Reply/AIReply/Info.plist -producttype com.apple.product-type.application -genpkginfo /Users/yerekyerkinbekuly/ai-reply/AI-Reply/build/SimDerivedData/Build/Products/Debug-iphonesimulator/AIReply.app/PkgInfo -expandbuildsettings -format binary -platform iphonesimulator -additionalcontentfile /Users/yerekyerkinbekuly/ai-reply/AI-Reply/build/SimDerivedData/Build/Intermediates.noindex/AIReply.build/Debug-iphonesimulator/AIReply.build/assetcatalog_generated_info.plist -scanforprivacyfile /Users/yerekyerkinbekuly/ai-reply/AI-Reply/build/SimDerivedData/Build/Products/Debug-iphonesimulator/AIReply.app/PlugIns/ReplyKeyboardExtension.appex -o /Users/yerekyerkinbekuly/ai-reply/AI-Reply/build/SimDerivedData/Build/Products/Debug-iphonesimulator/AIReply.app/Info.plist

CopySwiftLibs /Users/yerekyerkinbekuly/ai-reply/AI-Reply/build/SimDerivedData/Build/Products/Debug-iphonesimulator/AIReply.app (in target 'AIReply' from project 'AIReply')
    cd /Users/yerekyerkinbekuly/ai-reply/AI-Reply
    builtin-swiftStdLibTool --copy --verbose --scan-executable /Users/yerekyerkinbekuly/ai-reply/AI-Reply/build/SimDerivedData/Build/Products/Debug-iphonesimulator/AIReply.app/AIReply.debug.dylib --scan-folder /Users/yerekyerkinbekuly/ai-reply/AI-Reply/build/SimDerivedData/Build/Products/Debug-iphonesimulator/AIReply.app/Frameworks --scan-folder /Users/yerekyerkinbekuly/ai-reply/AI-Reply/build/SimDerivedData/Build/Products/Debug-iphonesimulator/AIReply.app/PlugIns --scan-folder /Users/yerekyerkinbekuly/ai-reply/AI-Reply/build/SimDerivedData/Build/Products/Debug-iphonesimulator/AIReply.app/SystemExtensions --scan-folder /Users/yerekyerkinbekuly/ai-reply/AI-Reply/build/SimDerivedData/Build/Products/Debug-iphonesimulator/AIReply.app/Extensions --platform iphonesimulator --toolchain /Applications/Xcode.app/Contents/Developer/Toolchains/XcodeDefault.xctoolchain --destination /Users/yerekyerkinbekuly/ai-reply/AI-Reply/build/SimDerivedData/Build/Products/Debug-iphonesimulator/AIReply.app/Frameworks --strip-bitcode --strip-bitcode-tool /Applications/Xcode.app/Contents/Developer/Toolchains/XcodeDefault.xctoolchain/usr/bin/bitcode_strip --emit-dependency-info /Users/yerekyerkinbekuly/ai-reply/AI-Reply/build/SimDerivedData/Build/Intermediates.noindex/AIReply.build/Debug-iphonesimulator/AIReply.build/SwiftStdLibToolInputDependencies.dep --filter-for-swift-os
Ignoring --strip-bitcode because --sign was not passed

ExtractAppIntentsMetadata (in target 'AIReply' from project 'AIReply')
    cd /Users/yerekyerkinbekuly/ai-reply/AI-Reply
    /Applications/Xcode.app/Contents/Developer/Toolchains/XcodeDefault.xctoolchain/usr/bin/appintentsmetadataprocessor --toolchain-dir /Applications/Xcode.app/Contents/Developer/Toolchains/XcodeDefault.xctoolchain --module-name AIReply --sdk-root /Applications/Xcode.app/Contents/Developer/Platforms/iPhoneSimulator.platform/Developer/SDKs/iPhoneSimulator26.5.sdk --xcode-version 17F113 --platform-family iOS --deployment-target 17.0 --bundle-identifier kz.yerek.replykeyboard --output /Users/yerekyerkinbekuly/ai-reply/AI-Reply/build/SimDerivedData/Build/Products/Debug-iphonesimulator/AIReply.app --target-triple arm64-apple-ios17.0-simulator --binary-file /Users/yerekyerkinbekuly/ai-reply/AI-Reply/build/SimDerivedData/Build/Products/Debug-iphonesimulator/AIReply.app/AIReply --dependency-file /Users/yerekyerkinbekuly/ai-reply/AI-Reply/build/SimDerivedData/Build/Intermediates.noindex/AIReply.build/Debug-iphonesimulator/AIReply.build/Objects-normal/arm64/AIReply_dependency_info.dat --stringsdata-file /Users/yerekyerkinbekuly/ai-reply/AI-Reply/build/SimDerivedData/Build/Intermediates.noindex/AIReply.build/Debug-iphonesimulator/AIReply.build/Objects-normal/arm64/ExtractedAppShortcutsMetadata.stringsdata --source-file-list /Users/yerekyerkinbekuly/ai-reply/AI-Reply/build/SimDerivedData/Build/Intermediates.noindex/AIReply.build/Debug-iphonesimulator/AIReply.build/Objects-normal/arm64/AIReply.SwiftFileList --metadata-file-list /Users/yerekyerkinbekuly/ai-reply/AI-Reply/build/SimDerivedData/Build/Intermediates.noindex/AIReply.build/Debug-iphonesimulator/AIReply.build/AIReply.DependencyMetadataFileList --static-metadata-file-list /Users/yerekyerkinbekuly/ai-reply/AI-Reply/build/SimDerivedData/Build/Intermediates.noindex/AIReply.build/Debug-iphonesimulator/AIReply.build/AIReply.DependencyStaticMetadataFileList --swift-const-vals-list /Users/yerekyerkinbekuly/ai-reply/AI-Reply/build/SimDerivedData/Build/Intermediates.noindex/AIReply.build/Debug-iphonesimulator/AIReply.build/Objects-normal/arm64/AIReply.SwiftConstValuesFileList --compile-time-extraction --deployment-aware-processing --validate-assistant-intents --no-app-shortcuts-localization
2026-09-18 01:21:15.249 appintentsmetadataprocessor[47281:1322134] Starting appintentsmetadataprocessor export
2026-09-18 01:21:15.250 appintentsmetadataprocessor[47281:1322134] warning: Metadata extraction skipped. No AppIntents.framework dependency found.

ValidateEmbeddedBinary /Users/yerekyerkinbekuly/ai-reply/AI-Reply/build/SimDerivedData/Build/Products/Debug-iphonesimulator/AIReply.app/PlugIns/ReplyKeyboardExtension.appex (in target 'AIReply' from project 'AIReply')
    cd /Users/yerekyerkinbekuly/ai-reply/AI-Reply
    /Applications/Xcode.app/Contents/Developer/usr/bin/embeddedBinaryValidationUtility /Users/yerekyerkinbekuly/ai-reply/AI-Reply/build/SimDerivedData/Build/Products/Debug-iphonesimulator/AIReply.app/PlugIns/ReplyKeyboardExtension.appex -info-plist-path /Users/yerekyerkinbekuly/ai-reply/AI-Reply/build/SimDerivedData/Build/Products/Debug-iphonesimulator/AIReply.app/Info.plist

AppIntentsSSUTraining (in target 'AIReply' from project 'AIReply')
    cd /Users/yerekyerkinbekuly/ai-reply/AI-Reply
    /Applications/Xcode.app/Contents/Developer/Toolchains/XcodeDefault.xctoolchain/usr/bin/appintentsnltrainingprocessor --infoplist-path /Users/yerekyerkinbekuly/ai-reply/AI-Reply/build/SimDerivedData/Build/Products/Debug-iphonesimulator/AIReply.app/Info.plist --temp-dir-path /Users/yerekyerkinbekuly/ai-reply/AI-Reply/build/SimDerivedData/Build/Intermediates.noindex/AIReply.build/Debug-iphonesimulator/AIReply.build/ssu --bundle-id kz.yerek.replykeyboard --product-path /Users/yerekyerkinbekuly/ai-reply/AI-Reply/build/SimDerivedData/Build/Products/Debug-iphonesimulator/AIReply.app --extracted-metadata-path /Users/yerekyerkinbekuly/ai-reply/AI-Reply/build/SimDerivedData/Build/Products/Debug-iphonesimulator/AIReply.app/Metadata.appintents --metadata-file-list /Users/yerekyerkinbekuly/ai-reply/AI-Reply/build/SimDerivedData/Build/Intermediates.noindex/AIReply.build/Debug-iphonesimulator/AIReply.build/AIReply.DependencyMetadataFileList --source-file /Users/yerekyerkinbekuly/ai-reply/AI-Reply/build/SimDerivedData/Build/Products/Debug-iphonesimulator/AIReply.app/Info.plist --archive-ssu-assets
2026-09-18 01:21:15.268 appintentsnltrainingprocessor[47283:1322136] Parsing options for appintentsnltrainingprocessor
2026-09-18 01:21:15.268 appintentsnltrainingprocessor[47283:1322136] Starting AppIntents SSU YAML Generation
2026-09-18 01:21:15.268 appintentsnltrainingprocessor[47283:1322136] No AppShortcuts found - Skipping.

RegisterExecutionPolicyException /Users/yerekyerkinbekuly/ai-reply/AI-Reply/build/SimDerivedData/Build/Products/Debug-iphonesimulator/AIReply.app (in target 'AIReply' from project 'AIReply')
    cd /Users/yerekyerkinbekuly/ai-reply/AI-Reply
    builtin-RegisterExecutionPolicyException /Users/yerekyerkinbekuly/ai-reply/AI-Reply/build/SimDerivedData/Build/Products/Debug-iphonesimulator/AIReply.app

Validate /Users/yerekyerkinbekuly/ai-reply/AI-Reply/build/SimDerivedData/Build/Products/Debug-iphonesimulator/AIReply.app (in target 'AIReply' from project 'AIReply')
    cd /Users/yerekyerkinbekuly/ai-reply/AI-Reply
    builtin-validationUtility /Users/yerekyerkinbekuly/ai-reply/AI-Reply/build/SimDerivedData/Build/Products/Debug-iphonesimulator/AIReply.app -shallow-bundle -infoplist-subpath Info.plist

Touch /Users/yerekyerkinbekuly/ai-reply/AI-Reply/build/SimDerivedData/Build/Products/Debug-iphonesimulator/AIReply.app (in target 'AIReply' from project 'AIReply')
    cd /Users/yerekyerkinbekuly/ai-reply/AI-Reply
    /usr/bin/touch -c /Users/yerekyerkinbekuly/ai-reply/AI-Reply/build/SimDerivedData/Build/Products/Debug-iphonesimulator/AIReply.app

** BUILD SUCCEEDED **


===== ios: unit tests =====
Command line invocation:
    /Applications/Xcode.app/Contents/Developer/usr/bin/xcodebuild -project AI-Reply/AIReply.xcodeproj -scheme AIReply -configuration Debug -destination id=DD091D08-AC78-4142-A9F6-12A425BE65F2 -derivedDataPath AI-Reply/build/SimDerivedData CODE_SIGNING_ALLOWED=NO CODE_SIGNING_REQUIRED=NO CODE_SIGN_IDENTITY= test

Build settings from command line:
    CODE_SIGN_IDENTITY = 
    CODE_SIGNING_ALLOWED = NO
    CODE_SIGNING_REQUIRED = NO

note: Using codesigning identity override: 
ComputePackagePrebuildTargetDependencyGraph

Prepare packages

CreateBuildRequest

SendProjectDescription

CreateBuildOperation

ComputeTargetDependencyGraph
note: Building targets in dependency order
note: Target dependency graph (3 targets)
    Target 'AIReplyTests' in project 'AIReply'
        ➜ Explicit dependency on target 'AIReply' in project 'AIReply'
    Target 'AIReply' in project 'AIReply'
        ➜ Explicit dependency on target 'ReplyKeyboard' in project 'AIReply'
    Target 'ReplyKeyboard' in project 'AIReply' (no dependencies)

GatherProvisioningInputs

CreateBuildDescription

ExecuteExternalTool /Applications/Xcode.app/Contents/Developer/usr/bin/xcstringstool compile --dry-run --output-directory /Users/yerekyerkinbekuly/ai-reply/AI-Reply/build/SimDerivedData/Build/Intermediates.noindex/AIReply.build/Debug-iphonesimulator/AIReply.build /Users/yerekyerkinbekuly/ai-reply/AI-Reply/AIReply/Resources/Localizable.xcstrings

ExecuteExternalTool /Applications/Xcode.app/Contents/Developer/Toolchains/XcodeDefault.xctoolchain/usr/bin/clang -v -E -dM -isysroot /Applications/Xcode.app/Contents/Developer/Platforms/iPhoneSimulator.platform/Developer/SDKs/iPhoneSimulator26.5.sdk -x c -c /dev/null

ExecuteExternalTool /Applications/Xcode.app/Contents/Developer/Toolchains/XcodeDefault.xctoolchain/usr/bin/swiftc --version

ExecuteExternalTool /Applications/Xcode.app/Contents/Developer/usr/bin/actool --print-asset-tag-combinations --output-format xml1 /Users/yerekyerkinbekuly/ai-reply/AI-Reply/AIReply/Resources/Assets.xcassets

ExecuteExternalTool /Applications/Xcode.app/Contents/Developer/usr/bin/actool --version --output-format xml1

ExecuteExternalTool /Applications/Xcode.app/Contents/Developer/Toolchains/XcodeDefault.xctoolchain/usr/bin/ld -version_details

Build description signature: 3e4620bf839d8119f313306b14a97f90
Build description path: /Users/yerekyerkinbekuly/ai-reply/AI-Reply/build/SimDerivedData/Build/Intermediates.noindex/XCBuildData/3e4620bf839d8119f313306b14a97f90.xcbuilddata
ClangStatCache /Applications/Xcode.app/Contents/Developer/Toolchains/XcodeDefault.xctoolchain/usr/bin/clang-stat-cache /Applications/Xcode.app/Contents/Developer/Platforms/iPhoneSimulator.platform/Developer/SDKs/iPhoneSimulator26.5.sdk /Users/yerekyerkinbekuly/ai-reply/AI-Reply/build/SimDerivedData/SDKStatCaches.noindex/iphonesimulator26.5-23F81a-6cfe768891a92b912361537c460fe42b.sdkstatcache
    cd /Users/yerekyerkinbekuly/ai-reply/AI-Reply/AIReply.xcodeproj
    /Applications/Xcode.app/Contents/Developer/Toolchains/XcodeDefault.xctoolchain/usr/bin/clang-stat-cache /Applications/Xcode.app/Contents/Developer/Platforms/iPhoneSimulator.platform/Developer/SDKs/iPhoneSimulator26.5.sdk -o /Users/yerekyerkinbekuly/ai-reply/AI-Reply/build/SimDerivedData/SDKStatCaches.noindex/iphonesimulator26.5-23F81a-6cfe768891a92b912361537c460fe42b.sdkstatcache

ProcessInfoPlistFile /Users/yerekyerkinbekuly/ai-reply/AI-Reply/build/SimDerivedData/Build/Products/Debug-iphonesimulator/ReplyKeyboardExtension.appex/Info.plist /Users/yerekyerkinbekuly/ai-reply/AI-Reply/ReplyKeyboard/Info.plist (in target 'ReplyKeyboard' from project 'AIReply')
    cd /Users/yerekyerkinbekuly/ai-reply/AI-Reply
    builtin-infoPlistUtility /Users/yerekyerkinbekuly/ai-reply/AI-Reply/ReplyKeyboard/Info.plist -producttype com.apple.product-type.app-extension -expandbuildsettings -format binary -platform iphonesimulator -o /Users/yerekyerkinbekuly/ai-reply/AI-Reply/build/SimDerivedData/Build/Products/Debug-iphonesimulator/ReplyKeyboardExtension.appex/Info.plist

MkDir /Users/yerekyerkinbekuly/ai-reply/AI-Reply/build/SimDerivedData/Build/Products/Debug-iphonesimulator/AIReply.app/Frameworks (in target 'AIReply' from project 'AIReply')
    cd /Users/yerekyerkinbekuly/ai-reply/AI-Reply
    /bin/mkdir -p /Users/yerekyerkinbekuly/ai-reply/AI-Reply/build/SimDerivedData/Build/Products/Debug-iphonesimulator/AIReply.app/Frameworks

WriteAuxiliaryFile /Users/yerekyerkinbekuly/ai-reply/AI-Reply/build/SimDerivedData/Build/Intermediates.noindex/AIReply.build/Debug-iphonesimulator/AIReplyTests.build/AIReplyTests-project-headers.hmap (in target 'AIReplyTests' from project 'AIReply')
    cd /Users/yerekyerkinbekuly/ai-reply/AI-Reply
    write-file /Users/yerekyerkinbekuly/ai-reply/AI-Reply/build/SimDerivedData/Build/Intermediates.noindex/AIReply.build/Debug-iphonesimulator/AIReplyTests.build/AIReplyTests-project-headers.hmap

WriteAuxiliaryFile /Users/yerekyerkinbekuly/ai-reply/AI-Reply/build/SimDerivedData/Build/Intermediates.noindex/AIReply.build/Debug-iphonesimulator/AIReplyTests.build/AIReplyTests-all-non-framework-target-headers.hmap (in target 'AIReplyTests' from project 'AIReply')
    cd /Users/yerekyerkinbekuly/ai-reply/AI-Reply
    write-file /Users/yerekyerkinbekuly/ai-reply/AI-Reply/build/SimDerivedData/Build/Intermediates.noindex/AIReply.build/Debug-iphonesimulator/AIReplyTests.build/AIReplyTests-all-non-framework-target-headers.hmap

WriteAuxiliaryFile /Users/yerekyerkinbekuly/ai-reply/AI-Reply/build/SimDerivedData/Build/Intermediates.noindex/AIReply.build/Debug-iphonesimulator/AIReplyTests.build/AIReplyTests.hmap (in target 'AIReplyTests' from project 'AIReply')
    cd /Users/yerekyerkinbekuly/ai-reply/AI-Reply
    write-file /Users/yerekyerkinbekuly/ai-reply/AI-Reply/build/SimDerivedData/Build/Intermediates.noindex/AIReply.build/Debug-iphonesimulator/AIReplyTests.build/AIReplyTests.hmap

WriteAuxiliaryFile /Users/yerekyerkinbekuly/ai-reply/AI-Reply/build/SimDerivedData/Build/Intermediates.noindex/AIReply.build/Debug-iphonesimulator/AIReplyTests.build/empty-AIReplyTests.plist (in target 'AIReplyTests' from project 'AIReply')
    cd /Users/yerekyerkinbekuly/ai-reply/AI-Reply
    write-file /Users/yerekyerkinbekuly/ai-reply/AI-Reply/build/SimDerivedData/Build/Intermediates.noindex/AIReply.build/Debug-iphonesimulator/AIReplyTests.build/empty-AIReplyTests.plist

WriteAuxiliaryFile /Users/yerekyerkinbekuly/ai-reply/AI-Reply/build/SimDerivedData/Build/Intermediates.noindex/AIReply.build/Debug-iphonesimulator/AIReplyTests.build/Objects-normal/arm64/AIReplyTests.SwiftConstValuesFileList (in target 'AIReplyTests' from project 'AIReply')
    cd /Users/yerekyerkinbekuly/ai-reply/AI-Reply
    write-file /Users/yerekyerkinbekuly/ai-reply/AI-Reply/build/SimDerivedData/Build/Intermediates.noindex/AIReply.build/Debug-iphonesimulator/AIReplyTests.build/Objects-normal/arm64/AIReplyTests.SwiftConstValuesFileList

WriteAuxiliaryFile /Users/yerekyerkinbekuly/ai-reply/AI-Reply/build/SimDerivedData/Build/Intermediates.noindex/AIReply.build/Debug-iphonesimulator/AIReplyTests.build/Objects-normal/arm64/AIReplyTests_const_extract_protocols.json (in target 'AIReplyTests' from project 'AIReply')
    cd /Users/yerekyerkinbekuly/ai-reply/AI-Reply
    write-file /Users/yerekyerkinbekuly/ai-reply/AI-Reply/build/SimDerivedData/Build/Intermediates.noindex/AIReply.build/Debug-iphonesimulator/AIReplyTests.build/Objects-normal/arm64/AIReplyTests_const_extract_protocols.json

WriteAuxiliaryFile /Users/yerekyerkinbekuly/ai-reply/AI-Reply/build/SimDerivedData/Build/Intermediates.noindex/AIReply.build/Debug-iphonesimulator/AIReplyTests.build/Objects-normal/arm64/AIReplyTests.SwiftFileList (in target 'AIReplyTests' from project 'AIReply')
    cd /Users/yerekyerkinbekuly/ai-reply/AI-Reply
    write-file /Users/yerekyerkinbekuly/ai-reply/AI-Reply/build/SimDerivedData/Build/Intermediates.noindex/AIReply.build/Debug-iphonesimulator/AIReplyTests.build/Objects-normal/arm64/AIReplyTests.SwiftFileList

WriteAuxiliaryFile /Users/yerekyerkinbekuly/ai-reply/AI-Reply/build/SimDerivedData/Build/Intermediates.noindex/AIReply.build/Debug-iphonesimulator/AIReplyTests.build/Objects-normal/arm64/AIReplyTests.LinkFileList (in target 'AIReplyTests' from project 'AIReply')
    cd /Users/yerekyerkinbekuly/ai-reply/AI-Reply
    write-file /Users/yerekyerkinbekuly/ai-reply/AI-Reply/build/SimDerivedData/Build/Intermediates.noindex/AIReply.build/Debug-iphonesimulator/AIReplyTests.build/Objects-normal/arm64/AIReplyTests.LinkFileList

WriteAuxiliaryFile /Users/yerekyerkinbekuly/ai-reply/AI-Reply/build/SimDerivedData/Build/Intermediates.noindex/AIReply.build/Debug-iphonesimulator/AIReplyTests.build/Objects-normal/arm64/AIReplyTests-OutputFileMap.json (in target 'AIReplyTests' from project 'AIReply')
    cd /Users/yerekyerkinbekuly/ai-reply/AI-Reply
    write-file /Users/yerekyerkinbekuly/ai-reply/AI-Reply/build/SimDerivedData/Build/Intermediates.noindex/AIReply.build/Debug-iphonesimulator/AIReplyTests.build/Objects-normal/arm64/AIReplyTests-OutputFileMap.json

WriteAuxiliaryFile /Users/yerekyerkinbekuly/ai-reply/AI-Reply/build/SimDerivedData/Build/Intermediates.noindex/AIReply.build/Debug-iphonesimulator/AIReplyTests.build/AIReplyTests.DependencyStaticMetadataFileList (in target 'AIReplyTests' from project 'AIReply')
    cd /Users/yerekyerkinbekuly/ai-reply/AI-Reply
    write-file /Users/yerekyerkinbekuly/ai-reply/AI-Reply/build/SimDerivedData/Build/Intermediates.noindex/AIReply.build/Debug-iphonesimulator/AIReplyTests.build/AIReplyTests.DependencyStaticMetadataFileList

WriteAuxiliaryFile /Users/yerekyerkinbekuly/ai-reply/AI-Reply/build/SimDerivedData/Build/Intermediates.noindex/AIReply.build/Debug-iphonesimulator/AIReplyTests.build/AIReplyTests-own-target-headers.hmap (in target 'AIReplyTests' from project 'AIReply')
    cd /Users/yerekyerkinbekuly/ai-reply/AI-Reply
    write-file /Users/yerekyerkinbekuly/ai-reply/AI-Reply/build/SimDerivedData/Build/Intermediates.noindex/AIReply.build/Debug-iphonesimulator/AIReplyTests.build/AIReplyTests-own-target-headers.hmap

WriteAuxiliaryFile /Users/yerekyerkinbekuly/ai-reply/AI-Reply/build/SimDerivedData/Build/Intermediates.noindex/AIReply.build/Debug-iphonesimulator/AIReplyTests.build/AIReplyTests.DependencyMetadataFileList (in target 'AIReplyTests' from project 'AIReply')
    cd /Users/yerekyerkinbekuly/ai-reply/AI-Reply
    write-file /Users/yerekyerkinbekuly/ai-reply/AI-Reply/build/SimDerivedData/Build/Intermediates.noindex/AIReply.build/Debug-iphonesimulator/AIReplyTests.build/AIReplyTests.DependencyMetadataFileList

WriteAuxiliaryFile /Users/yerekyerkinbekuly/ai-reply/AI-Reply/build/SimDerivedData/Build/Intermediates.noindex/AIReply.build/Debug-iphonesimulator/AIReplyTests.build/AIReplyTests-generated-files.hmap (in target 'AIReplyTests' from project 'AIReply')
    cd /Users/yerekyerkinbekuly/ai-reply/AI-Reply
    write-file /Users/yerekyerkinbekuly/ai-reply/AI-Reply/build/SimDerivedData/Build/Intermediates.noindex/AIReply.build/Debug-iphonesimulator/AIReplyTests.build/AIReplyTests-generated-files.hmap

WriteAuxiliaryFile /Users/yerekyerkinbekuly/ai-reply/AI-Reply/build/SimDerivedData/Build/Intermediates.noindex/AIReply.build/Debug-iphonesimulator/AIReplyTests.build/AIReplyTests-all-target-headers.hmap (in target 'AIReplyTests' from project 'AIReply')
    cd /Users/yerekyerkinbekuly/ai-reply/AI-Reply
    write-file /Users/yerekyerkinbekuly/ai-reply/AI-Reply/build/SimDerivedData/Build/Intermediates.noindex/AIReply.build/Debug-iphonesimulator/AIReplyTests.build/AIReplyTests-all-target-headers.hmap

MkDir /Users/yerekyerkinbekuly/ai-reply/AI-Reply/build/SimDerivedData/Build/Products/Debug-iphonesimulator/AIReply.app/PlugIns/AIReplyTests.xctest (in target 'AIReplyTests' from project 'AIReply')
    cd /Users/yerekyerkinbekuly/ai-reply/AI-Reply
    /bin/mkdir -p /Users/yerekyerkinbekuly/ai-reply/AI-Reply/build/SimDerivedData/Build/Products/Debug-iphonesimulator/AIReply.app/PlugIns/AIReplyTests.xctest

Copy /Users/yerekyerkinbekuly/ai-reply/AI-Reply/build/SimDerivedData/Build/Products/Debug-iphonesimulator/AIReply.app/Frameworks/libXCTestSwiftSupport.dylib /Applications/Xcode.app/Contents/Developer/Platforms/iPhoneSimulator.platform/Developer/usr/lib/libXCTestSwiftSupport.dylib (in target 'AIReply' from project 'AIReply')
    cd /Users/yerekyerkinbekuly/ai-reply/AI-Reply
    builtin-copy -exclude .DS_Store -exclude CVS -exclude .svn -exclude .git -exclude .hg -exclude Headers -exclude PrivateHeaders -exclude Modules -exclude \*.tbd -resolve-src-symlinks /Applications/Xcode.app/Contents/Developer/Platforms/iPhoneSimulator.platform/Developer/usr/lib/libXCTestSwiftSupport.dylib /Users/yerekyerkinbekuly/ai-reply/AI-Reply/build/SimDerivedData/Build/Products/Debug-iphonesimulator/AIReply.app/Frameworks

Copy /Users/yerekyerkinbekuly/ai-reply/AI-Reply/build/SimDerivedData/Build/Products/Debug-iphonesimulator/AIReply.app/Frameworks/libXCTestBundleInject.dylib /Applications/Xcode.app/Contents/Developer/Platforms/iPhoneSimulator.platform/Developer/usr/lib/libXCTestBundleInject.dylib (in target 'AIReply' from project 'AIReply')
    cd /Users/yerekyerkinbekuly/ai-reply/AI-Reply
    builtin-copy -exclude .DS_Store -exclude CVS -exclude .svn -exclude .git -exclude .hg -exclude Headers -exclude PrivateHeaders -exclude Modules -exclude \*.tbd -resolve-src-symlinks /Applications/Xcode.app/Contents/Developer/Platforms/iPhoneSimulator.platform/Developer/usr/lib/libXCTestBundleInject.dylib /Users/yerekyerkinbekuly/ai-reply/AI-Reply/build/SimDerivedData/Build/Products/Debug-iphonesimulator/AIReply.app/Frameworks

Copy /Users/yerekyerkinbekuly/ai-reply/AI-Reply/build/SimDerivedData/Build/Products/Debug-iphonesimulator/AIReply.app/Frameworks/XCUnit.framework /Applications/Xcode.app/Contents/Developer/Platforms/iPhoneSimulator.platform/Developer/Library/PrivateFrameworks/XCUnit.framework (in target 'AIReply' from project 'AIReply')
    cd /Users/yerekyerkinbekuly/ai-reply/AI-Reply
    builtin-copy -exclude .DS_Store -exclude CVS -exclude .svn -exclude .git -exclude .hg -exclude Headers -exclude PrivateHeaders -exclude Modules -exclude \*.tbd -resolve-src-symlinks /Applications/Xcode.app/Contents/Developer/Platforms/iPhoneSimulator.platform/Developer/Library/PrivateFrameworks/XCUnit.framework /Users/yerekyerkinbekuly/ai-reply/AI-Reply/build/SimDerivedData/Build/Products/Debug-iphonesimulator/AIReply.app/Frameworks

Copy /Users/yerekyerkinbekuly/ai-reply/AI-Reply/build/SimDerivedData/Build/Products/Debug-iphonesimulator/AIReply.app/Frameworks/XCUIAutomation.framework /Applications/Xcode.app/Contents/Developer/Platforms/iPhoneSimulator.platform/Developer/Library/Frameworks/XCUIAutomation.framework (in target 'AIReply' from project 'AIReply')
    cd /Users/yerekyerkinbekuly/ai-reply/AI-Reply
    builtin-copy -exclude .DS_Store -exclude CVS -exclude .svn -exclude .git -exclude .hg -exclude Headers -exclude PrivateHeaders -exclude Modules -exclude \*.tbd -resolve-src-symlinks /Applications/Xcode.app/Contents/Developer/Platforms/iPhoneSimulator.platform/Developer/Library/Frameworks/XCUIAutomation.framework /Users/yerekyerkinbekuly/ai-reply/AI-Reply/build/SimDerivedData/Build/Products/Debug-iphonesimulator/AIReply.app/Frameworks

Copy /Users/yerekyerkinbekuly/ai-reply/AI-Reply/build/SimDerivedData/Build/Products/Debug-iphonesimulator/AIReply.app/Frameworks/XCTestSupport.framework /Applications/Xcode.app/Contents/Developer/Platforms/iPhoneSimulator.platform/Developer/Library/PrivateFrameworks/XCTestSupport.framework (in target 'AIReply' from project 'AIReply')
    cd /Users/yerekyerkinbekuly/ai-reply/AI-Reply
    builtin-copy -exclude .DS_Store -exclude CVS -exclude .svn -exclude .git -exclude .hg -exclude Headers -exclude PrivateHeaders -exclude Modules -exclude \*.tbd -resolve-src-symlinks /Applications/Xcode.app/Contents/Developer/Platforms/iPhoneSimulator.platform/Developer/Library/PrivateFrameworks/XCTestSupport.framework /Users/yerekyerkinbekuly/ai-reply/AI-Reply/build/SimDerivedData/Build/Products/Debug-iphonesimulator/AIReply.app/Frameworks

Copy /Users/yerekyerkinbekuly/ai-reply/AI-Reply/build/SimDerivedData/Build/Products/Debug-iphonesimulator/AIReply.app/Frameworks/XCTestCore.framework /Applications/Xcode.app/Contents/Developer/Platforms/iPhoneSimulator.platform/Developer/Library/PrivateFrameworks/XCTestCore.framework (in target 'AIReply' from project 'AIReply')
    cd /Users/yerekyerkinbekuly/ai-reply/AI-Reply
    builtin-copy -exclude .DS_Store -exclude CVS -exclude .svn -exclude .git -exclude .hg -exclude Headers -exclude PrivateHeaders -exclude Modules -exclude \*.tbd -resolve-src-symlinks /Applications/Xcode.app/Contents/Developer/Platforms/iPhoneSimulator.platform/Developer/Library/PrivateFrameworks/XCTestCore.framework /Users/yerekyerkinbekuly/ai-reply/AI-Reply/build/SimDerivedData/Build/Products/Debug-iphonesimulator/AIReply.app/Frameworks

Copy /Users/yerekyerkinbekuly/ai-reply/AI-Reply/build/SimDerivedData/Build/Products/Debug-iphonesimulator/AIReply.app/Frameworks/XCTest.framework /Applications/Xcode.app/Contents/Developer/Platforms/iPhoneSimulator.platform/Developer/Library/Frameworks/XCTest.framework (in target 'AIReply' from project 'AIReply')
    cd /Users/yerekyerkinbekuly/ai-reply/AI-Reply
    builtin-copy -exclude .DS_Store -exclude CVS -exclude .svn -exclude .git -exclude .hg -exclude Headers -exclude PrivateHeaders -exclude Modules -exclude \*.tbd -resolve-src-symlinks /Applications/Xcode.app/Contents/Developer/Platforms/iPhoneSimulator.platform/Developer/Library/Frameworks/XCTest.framework /Users/yerekyerkinbekuly/ai-reply/AI-Reply/build/SimDerivedData/Build/Products/Debug-iphonesimulator/AIReply.app/Frameworks

Copy /Users/yerekyerkinbekuly/ai-reply/AI-Reply/build/SimDerivedData/Build/Products/Debug-iphonesimulator/AIReply.app/Frameworks/XCTAutomationSupport.framework /Applications/Xcode.app/Contents/Developer/Platforms/iPhoneSimulator.platform/Developer/Library/PrivateFrameworks/XCTAutomationSupport.framework (in target 'AIReply' from project 'AIReply')
    cd /Users/yerekyerkinbekuly/ai-reply/AI-Reply
    builtin-copy -exclude .DS_Store -exclude CVS -exclude .svn -exclude .git -exclude .hg -exclude Headers -exclude PrivateHeaders -exclude Modules -exclude \*.tbd -resolve-src-symlinks /Applications/Xcode.app/Contents/Developer/Platforms/iPhoneSimulator.platform/Developer/Library/PrivateFrameworks/XCTAutomationSupport.framework /Users/yerekyerkinbekuly/ai-reply/AI-Reply/build/SimDerivedData/Build/Products/Debug-iphonesimulator/AIReply.app/Frameworks

Copy /Users/yerekyerkinbekuly/ai-reply/AI-Reply/build/SimDerivedData/Build/Products/Debug-iphonesimulator/AIReply.app/Frameworks/Testing.framework /Applications/Xcode.app/Contents/Developer/Platforms/iPhoneSimulator.platform/Developer/Library/Frameworks/Testing.framework (in target 'AIReply' from project 'AIReply')
    cd /Users/yerekyerkinbekuly/ai-reply/AI-Reply
    builtin-copy -exclude .DS_Store -exclude CVS -exclude .svn -exclude .git -exclude .hg -exclude Headers -exclude PrivateHeaders -exclude Modules -exclude \*.tbd -resolve-src-symlinks /Applications/Xcode.app/Contents/Developer/Platforms/iPhoneSimulator.platform/Developer/Library/Frameworks/Testing.framework /Users/yerekyerkinbekuly/ai-reply/AI-Reply/build/SimDerivedData/Build/Products/Debug-iphonesimulator/AIReply.app/Frameworks

CompileXCStrings /Users/yerekyerkinbekuly/ai-reply/AI-Reply/build/SimDerivedData/Build/Intermediates.noindex/AIReply.build/Debug-iphonesimulator/AIReply.build/ /Users/yerekyerkinbekuly/ai-reply/AI-Reply/AIReply/Resources/Localizable.xcstrings (in target 'AIReply' from project 'AIReply')
    cd /Users/yerekyerkinbekuly/ai-reply/AI-Reply
    /Applications/Xcode.app/Contents/Developer/usr/bin/xcstringstool compile --output-directory /Users/yerekyerkinbekuly/ai-reply/AI-Reply/build/SimDerivedData/Build/Intermediates.noindex/AIReply.build/Debug-iphonesimulator/AIReply.build /Users/yerekyerkinbekuly/ai-reply/AI-Reply/AIReply/Resources/Localizable.xcstrings

SwiftDriver AIReplyTests normal arm64 com.apple.xcode.tools.swift.compiler (in target 'AIReplyTests' from project 'AIReply')
    cd /Users/yerekyerkinbekuly/ai-reply/AI-Reply
    builtin-SwiftDriver -- /Applications/Xcode.app/Contents/Developer/Toolchains/XcodeDefault.xctoolchain/usr/bin/swiftc -module-name AIReplyTests -Onone @/Users/yerekyerkinbekuly/ai-reply/AI-Reply/build/SimDerivedData/Build/Intermediates.noindex/AIReply.build/Debug-iphonesimulator/AIReplyTests.build/Objects-normal/arm64/AIReplyTests.SwiftFileList -DDEBUG -plugin-path /Applications/Xcode.app/Contents/Developer/Toolchains/XcodeDefault.xctoolchain/usr/lib/swift/host/plugins/testing -enable-bare-slash-regex -enable-experimental-feature DebugDescriptionMacro -sdk /Applications/Xcode.app/Contents/Developer/Platforms/iPhoneSimulator.platform/Developer/SDKs/iPhoneSimulator26.5.sdk -target arm64-apple-ios17.0-simulator -g -module-cache-path /Users/yerekyerkinbekuly/ai-reply/AI-Reply/build/SimDerivedData/ModuleCache.noindex -Xfrontend -serialize-debugging-options -enable-testing -index-store-path /Users/yerekyerkinbekuly/ai-reply/AI-Reply/build/SimDerivedData/Index.noindex/DataStore -Xcc -D_LIBCPP_HARDENING_MODE\=_LIBCPP_HARDENING_MODE_DEBUG -swift-version 5 -I /Users/yerekyerkinbekuly/ai-reply/AI-Reply/build/SimDerivedData/Build/Products/Debug-iphonesimulator -Isystem /Applications/Xcode.app/Contents/Developer/Platforms/iPhoneSimulator.platform/Developer/usr/lib -F /Users/yerekyerkinbekuly/ai-reply/AI-Reply/build/SimDerivedData/Build/Products/Debug-iphonesimulator -F /Applications/Xcode.app/Contents/Developer/Platforms/iPhoneSimulator.platform/Developer/Library/Frameworks -F /Applications/Xcode.app/Contents/Developer/Platforms/iPhoneSimulator.platform/Developer/SDKs/iPhoneSimulator26.5.sdk/Developer/Library/Frameworks -c -j10 -enable-batch-mode -incremental -Xcc -ivfsstatcache -Xcc /Users/yerekyerkinbekuly/ai-reply/AI-Reply/build/SimDerivedData/SDKStatCaches.noindex/iphonesimulator26.5-23F81a-6cfe768891a92b912361537c460fe42b.sdkstatcache -output-file-map /Users/yerekyerkinbekuly/ai-reply/AI-Reply/build/SimDerivedData/Build/Intermediates.noindex/AIReply.build/Debug-iphonesimulator/AIReplyTests.build/Objects-normal/arm64/AIReplyTests-OutputFileMap.json -use-frontend-parseable-output -save-temps -no-color-diagnostics -explicit-module-build -module-cache-path /Users/yerekyerkinbekuly/ai-reply/AI-Reply/build/SimDerivedData/Build/Intermediates.noindex/SwiftExplicitPrecompiledModules -clang-scanner-module-cache-path /Users/yerekyerkinbekuly/ai-reply/AI-Reply/build/SimDerivedData/ModuleCache.noindex -sdk-module-cache-path /Users/yerekyerkinbekuly/ai-reply/AI-Reply/build/SimDerivedData/ModuleCache.noindex -serialize-diagnostics -emit-dependencies -emit-module -emit-module-path /Users/yerekyerkinbekuly/ai-reply/AI-Reply/build/SimDerivedData/Build/Intermediates.noindex/AIReply.build/Debug-iphonesimulator/AIReplyTests.build/Objects-normal/arm64/AIReplyTests.swiftmodule -validate-clang-modules-once -clang-build-session-file /Users/yerekyerkinbekuly/ai-reply/AI-Reply/build/SimDerivedData/ModuleCache.noindex/Session.modulevalidation -Xcc -I/Users/yerekyerkinbekuly/ai-reply/AI-Reply/build/SimDerivedData/Build/Intermediates.noindex/AIReply.build/Debug-iphonesimulator/AIReplyTests.build/swift-overrides.hmap -emit-const-values -Xfrontend -const-gather-protocols-file -Xfrontend /Users/yerekyerkinbekuly/ai-reply/AI-Reply/build/SimDerivedData/Build/Intermediates.noindex/AIReply.build/Debug-iphonesimulator/AIReplyTests.build/Objects-normal/arm64/AIReplyTests_const_extract_protocols.json -Xcc -iquote -Xcc /Users/yerekyerkinbekuly/ai-reply/AI-Reply/build/SimDerivedData/Build/Intermediates.noindex/AIReply.build/Debug-iphonesimulator/AIReplyTests.build/AIReplyTests-generated-files.hmap -Xcc -I/Users/yerekyerkinbekuly/ai-reply/AI-Reply/build/SimDerivedData/Build/Intermediates.noindex/AIReply.build/Debug-iphonesimulator/AIReplyTests.build/AIReplyTests-own-target-headers.hmap -Xcc -I/Users/yerekyerkinbekuly/ai-reply/AI-Reply/build/SimDerivedData/Build/Intermediates.noindex/AIReply.build/Debug-iphonesimulator/AIReplyTests.build/AIReplyTests-all-target-headers.hmap -Xcc -iquote -Xcc /Users/yerekyerkinbekuly/ai-reply/AI-Reply/build/SimDerivedData/Build/Intermediates.noindex/AIReply.build/Debug-iphonesimulator/AIReplyTests.build/AIReplyTests-project-headers.hmap -Xcc -I/Users/yerekyerkinbekuly/ai-reply/AI-Reply/build/SimDerivedData/Build/Products/Debug-iphonesimulator/include -Xcc -I/Users/yerekyerkinbekuly/ai-reply/AI-Reply/build/SimDerivedData/Build/Intermediates.noindex/AIReply.build/Debug-iphonesimulator/AIReplyTests.build/DerivedSources-normal/arm64 -Xcc -I/Users/yerekyerkinbekuly/ai-reply/AI-Reply/build/SimDerivedData/Build/Intermediates.noindex/AIReply.build/Debug-iphonesimulator/AIReplyTests.build/DerivedSources/arm64 -Xcc -I/Users/yerekyerkinbekuly/ai-reply/AI-Reply/build/SimDerivedData/Build/Intermediates.noindex/AIReply.build/Debug-iphonesimulator/AIReplyTests.build/DerivedSources -Xcc -DDEBUG\=1 -emit-objc-header -emit-objc-header-path /Users/yerekyerkinbekuly/ai-reply/AI-Reply/build/SimDerivedData/Build/Intermediates.noindex/AIReply.build/Debug-iphonesimulator/AIReplyTests.build/Objects-normal/arm64/AIReplyTests-Swift.h -working-directory /Users/yerekyerkinbekuly/ai-reply/AI-Reply -experimental-emit-module-separately -disable-cmo

CopyStringsFile /Users/yerekyerkinbekuly/ai-reply/AI-Reply/build/SimDerivedData/Build/Products/Debug-iphonesimulator/AIReply.app/ru.lproj/Localizable.strings /Users/yerekyerkinbekuly/ai-reply/AI-Reply/build/SimDerivedData/Build/Intermediates.noindex/AIReply.build/Debug-iphonesimulator/AIReply.build/ru.lproj/Localizable.strings (in target 'AIReply' from project 'AIReply')
    cd /Users/yerekyerkinbekuly/ai-reply/AI-Reply
    builtin-copyStrings --validate --outputencoding binary --outfilename Localizable.strings --outdir /Users/yerekyerkinbekuly/ai-reply/AI-Reply/build/SimDerivedData/Build/Products/Debug-iphonesimulator/AIReply.app/ru.lproj -- /Users/yerekyerkinbekuly/ai-reply/AI-Reply/build/SimDerivedData/Build/Intermediates.noindex/AIReply.build/Debug-iphonesimulator/AIReply.build/ru.lproj/Localizable.strings
/Users/yerekyerkinbekuly/ai-reply/AI-Reply/build/SimDerivedData/Build/Intermediates.noindex/AIReply.build/Debug-iphonesimulator/AIReply.build/ru.lproj/Localizable.strings:1:1: note: detected encoding of input file as Unicode (UTF-8) (in target 'AIReply' from project 'AIReply')

CopyStringsFile /Users/yerekyerkinbekuly/ai-reply/AI-Reply/build/SimDerivedData/Build/Products/Debug-iphonesimulator/AIReply.app/kk.lproj/Localizable.strings /Users/yerekyerkinbekuly/ai-reply/AI-Reply/build/SimDerivedData/Build/Intermediates.noindex/AIReply.build/Debug-iphonesimulator/AIReply.build/kk.lproj/Localizable.strings (in target 'AIReply' from project 'AIReply')
    cd /Users/yerekyerkinbekuly/ai-reply/AI-Reply
    builtin-copyStrings --validate --outputencoding binary --outfilename Localizable.strings --outdir /Users/yerekyerkinbekuly/ai-reply/AI-Reply/build/SimDerivedData/Build/Products/Debug-iphonesimulator/AIReply.app/kk.lproj -- /Users/yerekyerkinbekuly/ai-reply/AI-Reply/build/SimDerivedData/Build/Intermediates.noindex/AIReply.build/Debug-iphonesimulator/AIReply.build/kk.lproj/Localizable.strings
/Users/yerekyerkinbekuly/ai-reply/AI-Reply/build/SimDerivedData/Build/Intermediates.noindex/AIReply.build/Debug-iphonesimulator/AIReply.build/kk.lproj/Localizable.strings:1:1: note: detected encoding of input file as Unicode (UTF-8) (in target 'AIReply' from project 'AIReply')

CopyStringsFile /Users/yerekyerkinbekuly/ai-reply/AI-Reply/build/SimDerivedData/Build/Products/Debug-iphonesimulator/AIReply.app/en.lproj/Localizable.strings /Users/yerekyerkinbekuly/ai-reply/AI-Reply/build/SimDerivedData/Build/Intermediates.noindex/AIReply.build/Debug-iphonesimulator/AIReply.build/en.lproj/Localizable.strings (in target 'AIReply' from project 'AIReply')
    cd /Users/yerekyerkinbekuly/ai-reply/AI-Reply
    builtin-copyStrings --validate --outputencoding binary --outfilename Localizable.strings --outdir /Users/yerekyerkinbekuly/ai-reply/AI-Reply/build/SimDerivedData/Build/Products/Debug-iphonesimulator/AIReply.app/en.lproj -- /Users/yerekyerkinbekuly/ai-reply/AI-Reply/build/SimDerivedData/Build/Intermediates.noindex/AIReply.build/Debug-iphonesimulator/AIReply.build/en.lproj/Localizable.strings
/Users/yerekyerkinbekuly/ai-reply/AI-Reply/build/SimDerivedData/Build/Intermediates.noindex/AIReply.build/Debug-iphonesimulator/AIReply.build/en.lproj/Localizable.strings:1:1: note: detected encoding of input file as Unicode (UTF-8) (in target 'AIReply' from project 'AIReply')

Copy /Users/yerekyerkinbekuly/ai-reply/AI-Reply/build/SimDerivedData/Build/Products/Debug-iphonesimulator/AIReply.app/PlugIns/ReplyKeyboardExtension.appex /Users/yerekyerkinbekuly/ai-reply/AI-Reply/build/SimDerivedData/Build/Products/Debug-iphonesimulator/ReplyKeyboardExtension.appex (in target 'AIReply' from project 'AIReply')
    cd /Users/yerekyerkinbekuly/ai-reply/AI-Reply
    builtin-copy -exclude .DS_Store -exclude CVS -exclude .svn -exclude .git -exclude .hg -exclude Headers -exclude PrivateHeaders -exclude Modules -exclude \*.tbd -resolve-src-symlinks -remove-static-executable /Users/yerekyerkinbekuly/ai-reply/AI-Reply/build/SimDerivedData/Build/Products/Debug-iphonesimulator/ReplyKeyboardExtension.appex /Users/yerekyerkinbekuly/ai-reply/AI-Reply/build/SimDerivedData/Build/Products/Debug-iphonesimulator/AIReply.app/PlugIns

ProcessInfoPlistFile /Users/yerekyerkinbekuly/ai-reply/AI-Reply/build/SimDerivedData/Build/Products/Debug-iphonesimulator/AIReply.app/Info.plist /Users/yerekyerkinbekuly/ai-reply/AI-Reply/AIReply/Info.plist (in target 'AIReply' from project 'AIReply')
    cd /Users/yerekyerkinbekuly/ai-reply/AI-Reply
    builtin-infoPlistUtility /Users/yerekyerkinbekuly/ai-reply/AI-Reply/AIReply/Info.plist -producttype com.apple.product-type.application -genpkginfo /Users/yerekyerkinbekuly/ai-reply/AI-Reply/build/SimDerivedData/Build/Products/Debug-iphonesimulator/AIReply.app/PkgInfo -expandbuildsettings -format binary -platform iphonesimulator -additionalcontentfile /Users/yerekyerkinbekuly/ai-reply/AI-Reply/build/SimDerivedData/Build/Intermediates.noindex/AIReply.build/Debug-iphonesimulator/AIReply.build/assetcatalog_generated_info.plist -scanforprivacyfile /Users/yerekyerkinbekuly/ai-reply/AI-Reply/build/SimDerivedData/Build/Products/Debug-iphonesimulator/AIReply.app/PlugIns/ReplyKeyboardExtension.appex -o /Users/yerekyerkinbekuly/ai-reply/AI-Reply/build/SimDerivedData/Build/Products/Debug-iphonesimulator/AIReply.app/Info.plist

CopySwiftLibs /Users/yerekyerkinbekuly/ai-reply/AI-Reply/build/SimDerivedData/Build/Products/Debug-iphonesimulator/AIReply.app (in target 'AIReply' from project 'AIReply')
    cd /Users/yerekyerkinbekuly/ai-reply/AI-Reply
    builtin-swiftStdLibTool --copy --verbose --scan-executable /Users/yerekyerkinbekuly/ai-reply/AI-Reply/build/SimDerivedData/Build/Products/Debug-iphonesimulator/AIReply.app/AIReply.debug.dylib --scan-folder /Users/yerekyerkinbekuly/ai-reply/AI-Reply/build/SimDerivedData/Build/Products/Debug-iphonesimulator/AIReply.app/Frameworks --scan-folder /Users/yerekyerkinbekuly/ai-reply/AI-Reply/build/SimDerivedData/Build/Products/Debug-iphonesimulator/AIReply.app/PlugIns --scan-folder /Users/yerekyerkinbekuly/ai-reply/AI-Reply/build/SimDerivedData/Build/Products/Debug-iphonesimulator/AIReply.app/SystemExtensions --scan-folder /Users/yerekyerkinbekuly/ai-reply/AI-Reply/build/SimDerivedData/Build/Products/Debug-iphonesimulator/AIReply.app/Extensions --platform iphonesimulator --toolchain /Applications/Xcode.app/Contents/Developer/Toolchains/XcodeDefault.xctoolchain --destination /Users/yerekyerkinbekuly/ai-reply/AI-Reply/build/SimDerivedData/Build/Products/Debug-iphonesimulator/AIReply.app/Frameworks --strip-bitcode --strip-bitcode-tool /Applications/Xcode.app/Contents/Developer/Toolchains/XcodeDefault.xctoolchain/usr/bin/bitcode_strip --emit-dependency-info /Users/yerekyerkinbekuly/ai-reply/AI-Reply/build/SimDerivedData/Build/Intermediates.noindex/AIReply.build/Debug-iphonesimulator/AIReply.build/SwiftStdLibToolInputDependencies.dep --filter-for-swift-os
Ignoring --strip-bitcode because --sign was not passed

ValidateEmbeddedBinary /Users/yerekyerkinbekuly/ai-reply/AI-Reply/build/SimDerivedData/Build/Products/Debug-iphonesimulator/AIReply.app/PlugIns/ReplyKeyboardExtension.appex (in target 'AIReply' from project 'AIReply')
    cd /Users/yerekyerkinbekuly/ai-reply/AI-Reply
    /Applications/Xcode.app/Contents/Developer/usr/bin/embeddedBinaryValidationUtility /Users/yerekyerkinbekuly/ai-reply/AI-Reply/build/SimDerivedData/Build/Products/Debug-iphonesimulator/AIReply.app/PlugIns/ReplyKeyboardExtension.appex -info-plist-path /Users/yerekyerkinbekuly/ai-reply/AI-Reply/build/SimDerivedData/Build/Products/Debug-iphonesimulator/AIReply.app/Info.plist

ProcessInfoPlistFile /Users/yerekyerkinbekuly/ai-reply/AI-Reply/build/SimDerivedData/Build/Products/Debug-iphonesimulator/AIReply.app/PlugIns/AIReplyTests.xctest/Info.plist /Users/yerekyerkinbekuly/ai-reply/AI-Reply/build/SimDerivedData/Build/Intermediates.noindex/AIReply.build/Debug-iphonesimulator/AIReplyTests.build/empty-AIReplyTests.plist (in target 'AIReplyTests' from project 'AIReply')
    cd /Users/yerekyerkinbekuly/ai-reply/AI-Reply
    builtin-infoPlistUtility /Users/yerekyerkinbekuly/ai-reply/AI-Reply/build/SimDerivedData/Build/Intermediates.noindex/AIReply.build/Debug-iphonesimulator/AIReplyTests.build/empty-AIReplyTests.plist -producttype com.apple.product-type.bundle.unit-test -expandbuildsettings -format binary -platform iphonesimulator -o /Users/yerekyerkinbekuly/ai-reply/AI-Reply/build/SimDerivedData/Build/Products/Debug-iphonesimulator/AIReply.app/PlugIns/AIReplyTests.xctest/Info.plist

SwiftExplicitDependencyGeneratePcm arm64 /Users/yerekyerkinbekuly/ai-reply/AI-Reply/build/SimDerivedData/Build/Intermediates.noindex/SwiftExplicitPrecompiledModules/XCUIAutomation-NDB9LTW1I9SHD2VOLVY4GB0S.pcm

SwiftExplicitDependencyCompileModuleFromInterface arm64 /Users/yerekyerkinbekuly/ai-reply/AI-Reply/build/SimDerivedData/Build/Intermediates.noindex/SwiftExplicitPrecompiledModules/XCUIAutomation-1SCA3DLQT3HLE.swiftmodule

SwiftExplicitDependencyGeneratePcm arm64 /Users/yerekyerkinbekuly/ai-reply/AI-Reply/build/SimDerivedData/Build/Intermediates.noindex/SwiftExplicitPrecompiledModules/XCTest-20OUG1VWBB9JWCP0E9UWTC3K4.pcm

SwiftExplicitDependencyCompileModuleFromInterface arm64 /Users/yerekyerkinbekuly/ai-reply/AI-Reply/build/SimDerivedData/Build/Intermediates.noindex/SwiftExplicitPrecompiledModules/XCTest-2IGRB94PL7FMG.swiftmodule

SwiftEmitModule normal arm64 Emitting\ module\ for\ AIReplyTests (in target 'AIReplyTests' from project 'AIReply')

EmitSwiftModule normal arm64 (in target 'AIReplyTests' from project 'AIReply')
    cd /Users/yerekyerkinbekuly/ai-reply/AI-Reply
    

SwiftCompile normal arm64 Compiling\ LocalizationTests.swift /Users/yerekyerkinbekuly/ai-reply/AI-Reply/Tests/LocalizationTests.swift (in target 'AIReplyTests' from project 'AIReply')
SwiftCompile normal arm64 /Users/yerekyerkinbekuly/ai-reply/AI-Reply/Tests/LocalizationTests.swift (in target 'AIReplyTests' from project 'AIReply')
    cd /Users/yerekyerkinbekuly/ai-reply/AI-Reply
    

SwiftCompile normal arm64 Compiling\ ConfigurationStoreTests.swift /Users/yerekyerkinbekuly/ai-reply/AI-Reply/Tests/ConfigurationStoreTests.swift (in target 'AIReplyTests' from project 'AIReply')

SwiftCompile normal arm64 /Users/yerekyerkinbekuly/ai-reply/AI-Reply/Tests/ConfigurationStoreTests.swift (in target 'AIReplyTests' from project 'AIReply')
    cd /Users/yerekyerkinbekuly/ai-reply/AI-Reply
    

SwiftCompile normal arm64 Compiling\ AIReplyServiceTests.swift /Users/yerekyerkinbekuly/ai-reply/AI-Reply/Tests/AIReplyServiceTests.swift (in target 'AIReplyTests' from project 'AIReply')

SwiftCompile normal arm64 /Users/yerekyerkinbekuly/ai-reply/AI-Reply/Tests/AIReplyServiceTests.swift (in target 'AIReplyTests' from project 'AIReply')
    cd /Users/yerekyerkinbekuly/ai-reply/AI-Reply
    

SwiftCompile normal arm64 Compiling\ CommunicationContextTests.swift /Users/yerekyerkinbekuly/ai-reply/AI-Reply/Tests/CommunicationContextTests.swift (in target 'AIReplyTests' from project 'AIReply')

SwiftCompile normal arm64 /Users/yerekyerkinbekuly/ai-reply/AI-Reply/Tests/CommunicationContextTests.swift (in target 'AIReplyTests' from project 'AIReply')
    cd /Users/yerekyerkinbekuly/ai-reply/AI-Reply
    

SwiftCompile normal arm64 Compiling\ TemplateSummaryTests.swift /Users/yerekyerkinbekuly/ai-reply/AI-Reply/Tests/TemplateSummaryTests.swift (in target 'AIReplyTests' from project 'AIReply')

SwiftCompile normal arm64 /Users/yerekyerkinbekuly/ai-reply/AI-Reply/Tests/TemplateSummaryTests.swift (in target 'AIReplyTests' from project 'AIReply')
    cd /Users/yerekyerkinbekuly/ai-reply/AI-Reply
    

SwiftCompile normal arm64 Compiling\ AccountAPITests.swift /Users/yerekyerkinbekuly/ai-reply/AI-Reply/Tests/AccountAPITests.swift (in target 'AIReplyTests' from project 'AIReply')

SwiftCompile normal arm64 /Users/yerekyerkinbekuly/ai-reply/AI-Reply/Tests/AccountAPITests.swift (in target 'AIReplyTests' from project 'AIReply')
    cd /Users/yerekyerkinbekuly/ai-reply/AI-Reply
    

SwiftCompile normal arm64 Compiling\ ReplyDraftNormalizerTests.swift /Users/yerekyerkinbekuly/ai-reply/AI-Reply/Tests/ReplyDraftNormalizerTests.swift (in target 'AIReplyTests' from project 'AIReply')

SwiftCompile normal arm64 /Users/yerekyerkinbekuly/ai-reply/AI-Reply/Tests/ReplyDraftNormalizerTests.swift (in target 'AIReplyTests' from project 'AIReply')
    cd /Users/yerekyerkinbekuly/ai-reply/AI-Reply
    

SwiftCompile normal arm64 Compiling\ VoiceConfigurationParserTests.swift /Users/yerekyerkinbekuly/ai-reply/AI-Reply/Tests/VoiceConfigurationParserTests.swift (in target 'AIReplyTests' from project 'AIReply')

SwiftCompile normal arm64 /Users/yerekyerkinbekuly/ai-reply/AI-Reply/Tests/VoiceConfigurationParserTests.swift (in target 'AIReplyTests' from project 'AIReply')
    cd /Users/yerekyerkinbekuly/ai-reply/AI-Reply
    

SwiftCompile normal arm64 Compiling\ WorkingHoursTests.swift /Users/yerekyerkinbekuly/ai-reply/AI-Reply/Tests/WorkingHoursTests.swift (in target 'AIReplyTests' from project 'AIReply')

SwiftCompile normal arm64 /Users/yerekyerkinbekuly/ai-reply/AI-Reply/Tests/WorkingHoursTests.swift (in target 'AIReplyTests' from project 'AIReply')
    cd /Users/yerekyerkinbekuly/ai-reply/AI-Reply
    

SwiftDriverJobDiscovery normal arm64 Emitting module for AIReplyTests (in target 'AIReplyTests' from project 'AIReply')

SwiftDriver\ Compilation\ Requirements AIReplyTests normal arm64 com.apple.xcode.tools.swift.compiler (in target 'AIReplyTests' from project 'AIReply')
    cd /Users/yerekyerkinbekuly/ai-reply/AI-Reply
    builtin-Swift-Compilation-Requirements -- /Applications/Xcode.app/Contents/Developer/Toolchains/XcodeDefault.xctoolchain/usr/bin/swiftc -module-name AIReplyTests -Onone @/Users/yerekyerkinbekuly/ai-reply/AI-Reply/build/SimDerivedData/Build/Intermediates.noindex/AIReply.build/Debug-iphonesimulator/AIReplyTests.build/Objects-normal/arm64/AIReplyTests.SwiftFileList -DDEBUG -plugin-path /Applications/Xcode.app/Contents/Developer/Toolchains/XcodeDefault.xctoolchain/usr/lib/swift/host/plugins/testing -enable-bare-slash-regex -enable-experimental-feature DebugDescriptionMacro -sdk /Applications/Xcode.app/Contents/Developer/Platforms/iPhoneSimulator.platform/Developer/SDKs/iPhoneSimulator26.5.sdk -target arm64-apple-ios17.0-simulator -g -module-cache-path /Users/yerekyerkinbekuly/ai-reply/AI-Reply/build/SimDerivedData/ModuleCache.noindex -Xfrontend -serialize-debugging-options -enable-testing -index-store-path /Users/yerekyerkinbekuly/ai-reply/AI-Reply/build/SimDerivedData/Index.noindex/DataStore -Xcc -D_LIBCPP_HARDENING_MODE\=_LIBCPP_HARDENING_MODE_DEBUG -swift-version 5 -I /Users/yerekyerkinbekuly/ai-reply/AI-Reply/build/SimDerivedData/Build/Products/Debug-iphonesimulator -Isystem /Applications/Xcode.app/Contents/Developer/Platforms/iPhoneSimulator.platform/Developer/usr/lib -F /Users/yerekyerkinbekuly/ai-reply/AI-Reply/build/SimDerivedData/Build/Products/Debug-iphonesimulator -F /Applications/Xcode.app/Contents/Developer/Platforms/iPhoneSimulator.platform/Developer/Library/Frameworks -F /Applications/Xcode.app/Contents/Developer/Platforms/iPhoneSimulator.platform/Developer/SDKs/iPhoneSimulator26.5.sdk/Developer/Library/Frameworks -c -j10 -enable-batch-mode -incremental -Xcc -ivfsstatcache -Xcc /Users/yerekyerkinbekuly/ai-reply/AI-Reply/build/SimDerivedData/SDKStatCaches.noindex/iphonesimulator26.5-23F81a-6cfe768891a92b912361537c460fe42b.sdkstatcache -output-file-map /Users/yerekyerkinbekuly/ai-reply/AI-Reply/build/SimDerivedData/Build/Intermediates.noindex/AIReply.build/Debug-iphonesimulator/AIReplyTests.build/Objects-normal/arm64/AIReplyTests-OutputFileMap.json -use-frontend-parseable-output -save-temps -no-color-diagnostics -explicit-module-build -module-cache-path /Users/yerekyerkinbekuly/ai-reply/AI-Reply/build/SimDerivedData/Build/Intermediates.noindex/SwiftExplicitPrecompiledModules -clang-scanner-module-cache-path /Users/yerekyerkinbekuly/ai-reply/AI-Reply/build/SimDerivedData/ModuleCache.noindex -sdk-module-cache-path /Users/yerekyerkinbekuly/ai-reply/AI-Reply/build/SimDerivedData/ModuleCache.noindex -serialize-diagnostics -emit-dependencies -emit-module -emit-module-path /Users/yerekyerkinbekuly/ai-reply/AI-Reply/build/SimDerivedData/Build/Intermediates.noindex/AIReply.build/Debug-iphonesimulator/AIReplyTests.build/Objects-normal/arm64/AIReplyTests.swiftmodule -validate-clang-modules-once -clang-build-session-file /Users/yerekyerkinbekuly/ai-reply/AI-Reply/build/SimDerivedData/ModuleCache.noindex/Session.modulevalidation -Xcc -I/Users/yerekyerkinbekuly/ai-reply/AI-Reply/build/SimDerivedData/Build/Intermediates.noindex/AIReply.build/Debug-iphonesimulator/AIReplyTests.build/swift-overrides.hmap -emit-const-values -Xfrontend -const-gather-protocols-file -Xfrontend /Users/yerekyerkinbekuly/ai-reply/AI-Reply/build/SimDerivedData/Build/Intermediates.noindex/AIReply.build/Debug-iphonesimulator/AIReplyTests.build/Objects-normal/arm64/AIReplyTests_const_extract_protocols.json -Xcc -iquote -Xcc /Users/yerekyerkinbekuly/ai-reply/AI-Reply/build/SimDerivedData/Build/Intermediates.noindex/AIReply.build/Debug-iphonesimulator/AIReplyTests.build/AIReplyTests-generated-files.hmap -Xcc -I/Users/yerekyerkinbekuly/ai-reply/AI-Reply/build/SimDerivedData/Build/Intermediates.noindex/AIReply.build/Debug-iphonesimulator/AIReplyTests.build/AIReplyTests-own-target-headers.hmap -Xcc -I/Users/yerekyerkinbekuly/ai-reply/AI-Reply/build/SimDerivedData/Build/Intermediates.noindex/AIReply.build/Debug-iphonesimulator/AIReplyTests.build/AIReplyTests-all-target-headers.hmap -Xcc -iquote -Xcc /Users/yerekyerkinbekuly/ai-reply/AI-Reply/build/SimDerivedData/Build/Intermediates.noindex/AIReply.build/Debug-iphonesimulator/AIReplyTests.build/AIReplyTests-project-headers.hmap -Xcc -I/Users/yerekyerkinbekuly/ai-reply/AI-Reply/build/SimDerivedData/Build/Products/Debug-iphonesimulator/include -Xcc -I/Users/yerekyerkinbekuly/ai-reply/AI-Reply/build/SimDerivedData/Build/Intermediates.noindex/AIReply.build/Debug-iphonesimulator/AIReplyTests.build/DerivedSources-normal/arm64 -Xcc -I/Users/yerekyerkinbekuly/ai-reply/AI-Reply/build/SimDerivedData/Build/Intermediates.noindex/AIReply.build/Debug-iphonesimulator/AIReplyTests.build/DerivedSources/arm64 -Xcc -I/Users/yerekyerkinbekuly/ai-reply/AI-Reply/build/SimDerivedData/Build/Intermediates.noindex/AIReply.build/Debug-iphonesimulator/AIReplyTests.build/DerivedSources -Xcc -DDEBUG\=1 -emit-objc-header -emit-objc-header-path /Users/yerekyerkinbekuly/ai-reply/AI-Reply/build/SimDerivedData/Build/Intermediates.noindex/AIReply.build/Debug-iphonesimulator/AIReplyTests.build/Objects-normal/arm64/AIReplyTests-Swift.h -working-directory /Users/yerekyerkinbekuly/ai-reply/AI-Reply -experimental-emit-module-separately -disable-cmo

SwiftMergeGeneratedHeaders /Users/yerekyerkinbekuly/ai-reply/AI-Reply/build/SimDerivedData/Build/Intermediates.noindex/AIReply.build/Debug-iphonesimulator/AIReplyTests.build/DerivedSources/AIReplyTests-Swift.h /Users/yerekyerkinbekuly/ai-reply/AI-Reply/build/SimDerivedData/Build/Intermediates.noindex/AIReply.build/Debug-iphonesimulator/AIReplyTests.build/Objects-normal/arm64/AIReplyTests-Swift.h (in target 'AIReplyTests' from project 'AIReply')
    cd /Users/yerekyerkinbekuly/ai-reply/AI-Reply
    builtin-swiftHeaderTool -arch arm64 /Users/yerekyerkinbekuly/ai-reply/AI-Reply/build/SimDerivedData/Build/Intermediates.noindex/AIReply.build/Debug-iphonesimulator/AIReplyTests.build/Objects-normal/arm64/AIReplyTests-Swift.h -o /Users/yerekyerkinbekuly/ai-reply/AI-Reply/build/SimDerivedData/Build/Intermediates.noindex/AIReply.build/Debug-iphonesimulator/AIReplyTests.build/DerivedSources/AIReplyTests-Swift.h

Copy /Users/yerekyerkinbekuly/ai-reply/AI-Reply/build/SimDerivedData/Build/Products/Debug-iphonesimulator/AIReplyTests.swiftmodule/arm64-apple-ios-simulator.swiftmodule /Users/yerekyerkinbekuly/ai-reply/AI-Reply/build/SimDerivedData/Build/Intermediates.noindex/AIReply.build/Debug-iphonesimulator/AIReplyTests.build/Objects-normal/arm64/AIReplyTests.swiftmodule (in target 'AIReplyTests' from project 'AIReply')
    cd /Users/yerekyerkinbekuly/ai-reply/AI-Reply
    builtin-copy -exclude .DS_Store -exclude CVS -exclude .svn -exclude .git -exclude .hg -resolve-src-symlinks -rename /Users/yerekyerkinbekuly/ai-reply/AI-Reply/build/SimDerivedData/Build/Intermediates.noindex/AIReply.build/Debug-iphonesimulator/AIReplyTests.build/Objects-normal/arm64/AIReplyTests.swiftmodule /Users/yerekyerkinbekuly/ai-reply/AI-Reply/build/SimDerivedData/Build/Products/Debug-iphonesimulator/AIReplyTests.swiftmodule/arm64-apple-ios-simulator.swiftmodule

Copy /Users/yerekyerkinbekuly/ai-reply/AI-Reply/build/SimDerivedData/Build/Products/Debug-iphonesimulator/AIReplyTests.swiftmodule/arm64-apple-ios-simulator.swiftdoc /Users/yerekyerkinbekuly/ai-reply/AI-Reply/build/SimDerivedData/Build/Intermediates.noindex/AIReply.build/Debug-iphonesimulator/AIReplyTests.build/Objects-normal/arm64/AIReplyTests.swiftdoc (in target 'AIReplyTests' from project 'AIReply')
    cd /Users/yerekyerkinbekuly/ai-reply/AI-Reply
    builtin-copy -exclude .DS_Store -exclude CVS -exclude .svn -exclude .git -exclude .hg -resolve-src-symlinks -rename /Users/yerekyerkinbekuly/ai-reply/AI-Reply/build/SimDerivedData/Build/Intermediates.noindex/AIReply.build/Debug-iphonesimulator/AIReplyTests.build/Objects-normal/arm64/AIReplyTests.swiftdoc /Users/yerekyerkinbekuly/ai-reply/AI-Reply/build/SimDerivedData/Build/Products/Debug-iphonesimulator/AIReplyTests.swiftmodule/arm64-apple-ios-simulator.swiftdoc

Copy /Users/yerekyerkinbekuly/ai-reply/AI-Reply/build/SimDerivedData/Build/Products/Debug-iphonesimulator/AIReplyTests.swiftmodule/arm64-apple-ios-simulator.abi.json /Users/yerekyerkinbekuly/ai-reply/AI-Reply/build/SimDerivedData/Build/Intermediates.noindex/AIReply.build/Debug-iphonesimulator/AIReplyTests.build/Objects-normal/arm64/AIReplyTests.abi.json (in target 'AIReplyTests' from project 'AIReply')
    cd /Users/yerekyerkinbekuly/ai-reply/AI-Reply
    builtin-copy -exclude .DS_Store -exclude CVS -exclude .svn -exclude .git -exclude .hg -resolve-src-symlinks -rename /Users/yerekyerkinbekuly/ai-reply/AI-Reply/build/SimDerivedData/Build/Intermediates.noindex/AIReply.build/Debug-iphonesimulator/AIReplyTests.build/Objects-normal/arm64/AIReplyTests.abi.json /Users/yerekyerkinbekuly/ai-reply/AI-Reply/build/SimDerivedData/Build/Products/Debug-iphonesimulator/AIReplyTests.swiftmodule/arm64-apple-ios-simulator.abi.json

Copy /Users/yerekyerkinbekuly/ai-reply/AI-Reply/build/SimDerivedData/Build/Products/Debug-iphonesimulator/AIReplyTests.swiftmodule/Project/arm64-apple-ios-simulator.swiftsourceinfo /Users/yerekyerkinbekuly/ai-reply/AI-Reply/build/SimDerivedData/Build/Intermediates.noindex/AIReply.build/Debug-iphonesimulator/AIReplyTests.build/Objects-normal/arm64/AIReplyTests.swiftsourceinfo (in target 'AIReplyTests' from project 'AIReply')
    cd /Users/yerekyerkinbekuly/ai-reply/AI-Reply
    builtin-copy -exclude .DS_Store -exclude CVS -exclude .svn -exclude .git -exclude .hg -resolve-src-symlinks -rename /Users/yerekyerkinbekuly/ai-reply/AI-Reply/build/SimDerivedData/Build/Intermediates.noindex/AIReply.build/Debug-iphonesimulator/AIReplyTests.build/Objects-normal/arm64/AIReplyTests.swiftsourceinfo /Users/yerekyerkinbekuly/ai-reply/AI-Reply/build/SimDerivedData/Build/Products/Debug-iphonesimulator/AIReplyTests.swiftmodule/Project/arm64-apple-ios-simulator.swiftsourceinfo

SwiftDriverJobDiscovery normal arm64 Compiling ReplyDraftNormalizerTests.swift (in target 'AIReplyTests' from project 'AIReply')

SwiftDriverJobDiscovery normal arm64 Compiling AIReplyServiceTests.swift (in target 'AIReplyTests' from project 'AIReply')

SwiftDriverJobDiscovery normal arm64 Compiling WorkingHoursTests.swift (in target 'AIReplyTests' from project 'AIReply')

SwiftDriverJobDiscovery normal arm64 Compiling TemplateSummaryTests.swift (in target 'AIReplyTests' from project 'AIReply')

SwiftDriverJobDiscovery normal arm64 Compiling AccountAPITests.swift (in target 'AIReplyTests' from project 'AIReply')

SwiftDriverJobDiscovery normal arm64 Compiling VoiceConfigurationParserTests.swift (in target 'AIReplyTests' from project 'AIReply')

SwiftDriverJobDiscovery normal arm64 Compiling CommunicationContextTests.swift (in target 'AIReplyTests' from project 'AIReply')

SwiftDriverJobDiscovery normal arm64 Compiling ConfigurationStoreTests.swift (in target 'AIReplyTests' from project 'AIReply')

SwiftDriverJobDiscovery normal arm64 Compiling LocalizationTests.swift (in target 'AIReplyTests' from project 'AIReply')

SwiftDriver\ Compilation AIReplyTests normal arm64 com.apple.xcode.tools.swift.compiler (in target 'AIReplyTests' from project 'AIReply')
    cd /Users/yerekyerkinbekuly/ai-reply/AI-Reply
    builtin-Swift-Compilation -- /Applications/Xcode.app/Contents/Developer/Toolchains/XcodeDefault.xctoolchain/usr/bin/swiftc -module-name AIReplyTests -Onone @/Users/yerekyerkinbekuly/ai-reply/AI-Reply/build/SimDerivedData/Build/Intermediates.noindex/AIReply.build/Debug-iphonesimulator/AIReplyTests.build/Objects-normal/arm64/AIReplyTests.SwiftFileList -DDEBUG -plugin-path /Applications/Xcode.app/Contents/Developer/Toolchains/XcodeDefault.xctoolchain/usr/lib/swift/host/plugins/testing -enable-bare-slash-regex -enable-experimental-feature DebugDescriptionMacro -sdk /Applications/Xcode.app/Contents/Developer/Platforms/iPhoneSimulator.platform/Developer/SDKs/iPhoneSimulator26.5.sdk -target arm64-apple-ios17.0-simulator -g -module-cache-path /Users/yerekyerkinbekuly/ai-reply/AI-Reply/build/SimDerivedData/ModuleCache.noindex -Xfrontend -serialize-debugging-options -enable-testing -index-store-path /Users/yerekyerkinbekuly/ai-reply/AI-Reply/build/SimDerivedData/Index.noindex/DataStore -Xcc -D_LIBCPP_HARDENING_MODE\=_LIBCPP_HARDENING_MODE_DEBUG -swift-version 5 -I /Users/yerekyerkinbekuly/ai-reply/AI-Reply/build/SimDerivedData/Build/Products/Debug-iphonesimulator -Isystem /Applications/Xcode.app/Contents/Developer/Platforms/iPhoneSimulator.platform/Developer/usr/lib -F /Users/yerekyerkinbekuly/ai-reply/AI-Reply/build/SimDerivedData/Build/Products/Debug-iphonesimulator -F /Applications/Xcode.app/Contents/Developer/Platforms/iPhoneSimulator.platform/Developer/Library/Frameworks -F /Applications/Xcode.app/Contents/Developer/Platforms/iPhoneSimulator.platform/Developer/SDKs/iPhoneSimulator26.5.sdk/Developer/Library/Frameworks -c -j10 -enable-batch-mode -incremental -Xcc -ivfsstatcache -Xcc /Users/yerekyerkinbekuly/ai-reply/AI-Reply/build/SimDerivedData/SDKStatCaches.noindex/iphonesimulator26.5-23F81a-6cfe768891a92b912361537c460fe42b.sdkstatcache -output-file-map /Users/yerekyerkinbekuly/ai-reply/AI-Reply/build/SimDerivedData/Build/Intermediates.noindex/AIReply.build/Debug-iphonesimulator/AIReplyTests.build/Objects-normal/arm64/AIReplyTests-OutputFileMap.json -use-frontend-parseable-output -save-temps -no-color-diagnostics -explicit-module-build -module-cache-path /Users/yerekyerkinbekuly/ai-reply/AI-Reply/build/SimDerivedData/Build/Intermediates.noindex/SwiftExplicitPrecompiledModules -clang-scanner-module-cache-path /Users/yerekyerkinbekuly/ai-reply/AI-Reply/build/SimDerivedData/ModuleCache.noindex -sdk-module-cache-path /Users/yerekyerkinbekuly/ai-reply/AI-Reply/build/SimDerivedData/ModuleCache.noindex -serialize-diagnostics -emit-dependencies -emit-module -emit-module-path /Users/yerekyerkinbekuly/ai-reply/AI-Reply/build/SimDerivedData/Build/Intermediates.noindex/AIReply.build/Debug-iphonesimulator/AIReplyTests.build/Objects-normal/arm64/AIReplyTests.swiftmodule -validate-clang-modules-once -clang-build-session-file /Users/yerekyerkinbekuly/ai-reply/AI-Reply/build/SimDerivedData/ModuleCache.noindex/Session.modulevalidation -Xcc -I/Users/yerekyerkinbekuly/ai-reply/AI-Reply/build/SimDerivedData/Build/Intermediates.noindex/AIReply.build/Debug-iphonesimulator/AIReplyTests.build/swift-overrides.hmap -emit-const-values -Xfrontend -const-gather-protocols-file -Xfrontend /Users/yerekyerkinbekuly/ai-reply/AI-Reply/build/SimDerivedData/Build/Intermediates.noindex/AIReply.build/Debug-iphonesimulator/AIReplyTests.build/Objects-normal/arm64/AIReplyTests_const_extract_protocols.json -Xcc -iquote -Xcc /Users/yerekyerkinbekuly/ai-reply/AI-Reply/build/SimDerivedData/Build/Intermediates.noindex/AIReply.build/Debug-iphonesimulator/AIReplyTests.build/AIReplyTests-generated-files.hmap -Xcc -I/Users/yerekyerkinbekuly/ai-reply/AI-Reply/build/SimDerivedData/Build/Intermediates.noindex/AIReply.build/Debug-iphonesimulator/AIReplyTests.build/AIReplyTests-own-target-headers.hmap -Xcc -I/Users/yerekyerkinbekuly/ai-reply/AI-Reply/build/SimDerivedData/Build/Intermediates.noindex/AIReply.build/Debug-iphonesimulator/AIReplyTests.build/AIReplyTests-all-target-headers.hmap -Xcc -iquote -Xcc /Users/yerekyerkinbekuly/ai-reply/AI-Reply/build/SimDerivedData/Build/Intermediates.noindex/AIReply.build/Debug-iphonesimulator/AIReplyTests.build/AIReplyTests-project-headers.hmap -Xcc -I/Users/yerekyerkinbekuly/ai-reply/AI-Reply/build/SimDerivedData/Build/Products/Debug-iphonesimulator/include -Xcc -I/Users/yerekyerkinbekuly/ai-reply/AI-Reply/build/SimDerivedData/Build/Intermediates.noindex/AIReply.build/Debug-iphonesimulator/AIReplyTests.build/DerivedSources-normal/arm64 -Xcc -I/Users/yerekyerkinbekuly/ai-reply/AI-Reply/build/SimDerivedData/Build/Intermediates.noindex/AIReply.build/Debug-iphonesimulator/AIReplyTests.build/DerivedSources/arm64 -Xcc -I/Users/yerekyerkinbekuly/ai-reply/AI-Reply/build/SimDerivedData/Build/Intermediates.noindex/AIReply.build/Debug-iphonesimulator/AIReplyTests.build/DerivedSources -Xcc -DDEBUG\=1 -emit-objc-header -emit-objc-header-path /Users/yerekyerkinbekuly/ai-reply/AI-Reply/build/SimDerivedData/Build/Intermediates.noindex/AIReply.build/Debug-iphonesimulator/AIReplyTests.build/Objects-normal/arm64/AIReplyTests-Swift.h -working-directory /Users/yerekyerkinbekuly/ai-reply/AI-Reply -experimental-emit-module-separately -disable-cmo

Ld /Users/yerekyerkinbekuly/ai-reply/AI-Reply/build/SimDerivedData/Build/Products/Debug-iphonesimulator/AIReply.app/PlugIns/AIReplyTests.xctest/AIReplyTests normal (in target 'AIReplyTests' from project 'AIReply')
    cd /Users/yerekyerkinbekuly/ai-reply/AI-Reply
    /Applications/Xcode.app/Contents/Developer/Toolchains/XcodeDefault.xctoolchain/usr/bin/clang -Xlinker -reproducible -target arm64-apple-ios17.0-simulator -bundle -isysroot /Applications/Xcode.app/Contents/Developer/Platforms/iPhoneSimulator.platform/Developer/SDKs/iPhoneSimulator26.5.sdk -O0 -L/Users/yerekyerkinbekuly/ai-reply/AI-Reply/build/SimDerivedData/Build/Intermediates.noindex/EagerLinkingTBDs/Debug-iphonesimulator -L/Users/yerekyerkinbekuly/ai-reply/AI-Reply/build/SimDerivedData/Build/Products/Debug-iphonesimulator -L/Applications/Xcode.app/Contents/Developer/Platforms/iPhoneSimulator.platform/Developer/usr/lib -F/Users/yerekyerkinbekuly/ai-reply/AI-Reply/build/SimDerivedData/Build/Intermediates.noindex/EagerLinkingTBDs/Debug-iphonesimulator -F/Users/yerekyerkinbekuly/ai-reply/AI-Reply/build/SimDerivedData/Build/Products/Debug-iphonesimulator -iframework /Applications/Xcode.app/Contents/Developer/Platforms/iPhoneSimulator.platform/Developer/Library/Frameworks -iframework /Applications/Xcode.app/Contents/Developer/Platforms/iPhoneSimulator.platform/Developer/SDKs/iPhoneSimulator26.5.sdk/Developer/Library/Frameworks -filelist /Users/yerekyerkinbekuly/ai-reply/AI-Reply/build/SimDerivedData/Build/Intermediates.noindex/AIReply.build/Debug-iphonesimulator/AIReplyTests.build/Objects-normal/arm64/AIReplyTests.LinkFileList -Xlinker -rpath -Xlinker /usr/lib/swift -Xlinker -rpath -Xlinker @loader_path/Frameworks -Xlinker -rpath -Xlinker @executable_path/Frameworks -Xlinker -dead_strip -bundle_loader /Users/yerekyerkinbekuly/ai-reply/AI-Reply/build/SimDerivedData/Build/Products/Debug-iphonesimulator/AIReply.app/AIReply -Xlinker -object_path_lto -Xlinker /Users/yerekyerkinbekuly/ai-reply/AI-Reply/build/SimDerivedData/Build/Intermediates.noindex/AIReply.build/Debug-iphonesimulator/AIReplyTests.build/Objects-normal/arm64/AIReplyTests_lto.o -rdynamic -Xlinker -no_deduplicate -Xlinker -objc_abi_version -Xlinker 2 -Xlinker -dependency_info -Xlinker /Users/yerekyerkinbekuly/ai-reply/AI-Reply/build/SimDerivedData/Build/Intermediates.noindex/AIReply.build/Debug-iphonesimulator/AIReplyTests.build/Objects-normal/arm64/AIReplyTests_dependency_info.dat -fobjc-link-runtime -L/Applications/Xcode.app/Contents/Developer/Toolchains/XcodeDefault.xctoolchain/usr/lib/swift/iphonesimulator -L/usr/lib/swift -Xlinker -add_ast_path -Xlinker /Users/yerekyerkinbekuly/ai-reply/AI-Reply/build/SimDerivedData/Build/Intermediates.noindex/AIReply.build/Debug-iphonesimulator/AIReplyTests.build/Objects-normal/arm64/AIReplyTests.swiftmodule @/Users/yerekyerkinbekuly/ai-reply/AI-Reply/build/SimDerivedData/Build/Intermediates.noindex/AIReply.build/Debug-iphonesimulator/AIReplyTests.build/Objects-normal/arm64/AIReplyTests-linker-args.resp -Xlinker -needed_framework -Xlinker XCTest -framework XCTest -Xlinker -needed-lXCTestSwiftSupport -lXCTestSwiftSupport /Users/yerekyerkinbekuly/ai-reply/AI-Reply/build/SimDerivedData/Build/Products/Debug-iphonesimulator/AIReply.app/AIReply.debug.dylib -o /Users/yerekyerkinbekuly/ai-reply/AI-Reply/build/SimDerivedData/Build/Products/Debug-iphonesimulator/AIReply.app/PlugIns/AIReplyTests.xctest/AIReplyTests

CopySwiftLibs /Users/yerekyerkinbekuly/ai-reply/AI-Reply/build/SimDerivedData/Build/Products/Debug-iphonesimulator/AIReply.app/PlugIns/AIReplyTests.xctest (in target 'AIReplyTests' from project 'AIReply')
    cd /Users/yerekyerkinbekuly/ai-reply/AI-Reply
    builtin-swiftStdLibTool --copy --verbose --scan-executable /Users/yerekyerkinbekuly/ai-reply/AI-Reply/build/SimDerivedData/Build/Products/Debug-iphonesimulator/AIReply.app/PlugIns/AIReplyTests.xctest/AIReplyTests --scan-folder /Users/yerekyerkinbekuly/ai-reply/AI-Reply/build/SimDerivedData/Build/Products/Debug-iphonesimulator/AIReply.app/PlugIns/AIReplyTests.xctest/Frameworks --scan-folder /Users/yerekyerkinbekuly/ai-reply/AI-Reply/build/SimDerivedData/Build/Products/Debug-iphonesimulator/AIReply.app/PlugIns/AIReplyTests.xctest/PlugIns --scan-folder /Users/yerekyerkinbekuly/ai-reply/AI-Reply/build/SimDerivedData/Build/Products/Debug-iphonesimulator/AIReply.app/PlugIns/AIReplyTests.xctest/SystemExtensions --scan-folder /Users/yerekyerkinbekuly/ai-reply/AI-Reply/build/SimDerivedData/Build/Products/Debug-iphonesimulator/AIReply.app/PlugIns/AIReplyTests.xctest/Extensions --platform iphonesimulator --toolchain /Applications/Xcode.app/Contents/Developer/Toolchains/XcodeDefault.xctoolchain --destination /Users/yerekyerkinbekuly/ai-reply/AI-Reply/build/SimDerivedData/Build/Products/Debug-iphonesimulator/AIReply.app/PlugIns/AIReplyTests.xctest/Frameworks --strip-bitcode --scan-executable /Applications/Xcode.app/Contents/Developer/Platforms/iPhoneSimulator.platform/Developer/usr/lib/libXCTestSwiftSupport.dylib --strip-bitcode-tool /Applications/Xcode.app/Contents/Developer/Toolchains/XcodeDefault.xctoolchain/usr/bin/bitcode_strip --emit-dependency-info /Users/yerekyerkinbekuly/ai-reply/AI-Reply/build/SimDerivedData/Build/Intermediates.noindex/AIReply.build/Debug-iphonesimulator/AIReplyTests.build/SwiftStdLibToolInputDependencies.dep --filter-for-swift-os
Ignoring --strip-bitcode because --sign was not passed

ExtractAppIntentsMetadata (in target 'AIReplyTests' from project 'AIReply')
    cd /Users/yerekyerkinbekuly/ai-reply/AI-Reply
    /Applications/Xcode.app/Contents/Developer/Toolchains/XcodeDefault.xctoolchain/usr/bin/appintentsmetadataprocessor --toolchain-dir /Applications/Xcode.app/Contents/Developer/Toolchains/XcodeDefault.xctoolchain --module-name AIReplyTests --sdk-root /Applications/Xcode.app/Contents/Developer/Platforms/iPhoneSimulator.platform/Developer/SDKs/iPhoneSimulator26.5.sdk --xcode-version 17F113 --platform-family iOS --deployment-target 17.0 --bundle-identifier kz.yerek.replykeyboard.tests --output /Users/yerekyerkinbekuly/ai-reply/AI-Reply/build/SimDerivedData/Build/Products/Debug-iphonesimulator/AIReply.app/PlugIns/AIReplyTests.xctest --target-triple arm64-apple-ios17.0-simulator --binary-file /Users/yerekyerkinbekuly/ai-reply/AI-Reply/build/SimDerivedData/Build/Products/Debug-iphonesimulator/AIReply.app/PlugIns/AIReplyTests.xctest/AIReplyTests --dependency-file /Users/yerekyerkinbekuly/ai-reply/AI-Reply/build/SimDerivedData/Build/Intermediates.noindex/AIReply.build/Debug-iphonesimulator/AIReplyTests.build/Objects-normal/arm64/AIReplyTests_dependency_info.dat --stringsdata-file /Users/yerekyerkinbekuly/ai-reply/AI-Reply/build/SimDerivedData/Build/Intermediates.noindex/AIReply.build/Debug-iphonesimulator/AIReplyTests.build/Objects-normal/arm64/ExtractedAppShortcutsMetadata.stringsdata --source-file-list /Users/yerekyerkinbekuly/ai-reply/AI-Reply/build/SimDerivedData/Build/Intermediates.noindex/AIReply.build/Debug-iphonesimulator/AIReplyTests.build/Objects-normal/arm64/AIReplyTests.SwiftFileList --metadata-file-list /Users/yerekyerkinbekuly/ai-reply/AI-Reply/build/SimDerivedData/Build/Intermediates.noindex/AIReply.build/Debug-iphonesimulator/AIReplyTests.build/AIReplyTests.DependencyMetadataFileList --static-metadata-file-list /Users/yerekyerkinbekuly/ai-reply/AI-Reply/build/SimDerivedData/Build/Intermediates.noindex/AIReply.build/Debug-iphonesimulator/AIReplyTests.build/AIReplyTests.DependencyStaticMetadataFileList --swift-const-vals-list /Users/yerekyerkinbekuly/ai-reply/AI-Reply/build/SimDerivedData/Build/Intermediates.noindex/AIReply.build/Debug-iphonesimulator/AIReplyTests.build/Objects-normal/arm64/AIReplyTests.SwiftConstValuesFileList --compile-time-extraction --deployment-aware-processing --validate-assistant-intents --no-app-shortcuts-localization
2026-09-18 01:21:19.882 appintentsmetadataprocessor[47345:1322751] Starting appintentsmetadataprocessor export
2026-09-18 01:21:19.883 appintentsmetadataprocessor[47345:1322751] warning: Metadata extraction skipped. No AppIntents.framework dependency found.

AppIntentsSSUTraining (in target 'AIReplyTests' from project 'AIReply')
    cd /Users/yerekyerkinbekuly/ai-reply/AI-Reply
    /Applications/Xcode.app/Contents/Developer/Toolchains/XcodeDefault.xctoolchain/usr/bin/appintentsnltrainingprocessor --infoplist-path /Users/yerekyerkinbekuly/ai-reply/AI-Reply/build/SimDerivedData/Build/Products/Debug-iphonesimulator/AIReply.app/PlugIns/AIReplyTests.xctest/Info.plist --temp-dir-path /Users/yerekyerkinbekuly/ai-reply/AI-Reply/build/SimDerivedData/Build/Intermediates.noindex/AIReply.build/Debug-iphonesimulator/AIReplyTests.build/ssu --bundle-id kz.yerek.replykeyboard.tests --product-path /Users/yerekyerkinbekuly/ai-reply/AI-Reply/build/SimDerivedData/Build/Products/Debug-iphonesimulator/AIReply.app/PlugIns/AIReplyTests.xctest --extracted-metadata-path /Users/yerekyerkinbekuly/ai-reply/AI-Reply/build/SimDerivedData/Build/Products/Debug-iphonesimulator/AIReply.app/PlugIns/AIReplyTests.xctest/Metadata.appintents --metadata-file-list /Users/yerekyerkinbekuly/ai-reply/AI-Reply/build/SimDerivedData/Build/Intermediates.noindex/AIReply.build/Debug-iphonesimulator/AIReplyTests.build/AIReplyTests.DependencyMetadataFileList --source-file /Users/yerekyerkinbekuly/ai-reply/AI-Reply/build/SimDerivedData/Build/Products/Debug-iphonesimulator/AIReply.app/PlugIns/AIReplyTests.xctest/Info.plist --archive-ssu-assets
2026-09-18 01:21:19.900 appintentsnltrainingprocessor[47346:1322752] Parsing options for appintentsnltrainingprocessor
2026-09-18 01:21:19.900 appintentsnltrainingprocessor[47346:1322752] Starting AppIntents SSU YAML Generation
2026-09-18 01:21:19.900 appintentsnltrainingprocessor[47346:1322752] No AppShortcuts found - Skipping.

RegisterExecutionPolicyException /Users/yerekyerkinbekuly/ai-reply/AI-Reply/build/SimDerivedData/Build/Products/Debug-iphonesimulator/AIReply.app/PlugIns/AIReplyTests.xctest (in target 'AIReplyTests' from project 'AIReply')
    cd /Users/yerekyerkinbekuly/ai-reply/AI-Reply
    builtin-RegisterExecutionPolicyException /Users/yerekyerkinbekuly/ai-reply/AI-Reply/build/SimDerivedData/Build/Products/Debug-iphonesimulator/AIReply.app/PlugIns/AIReplyTests.xctest

Touch /Users/yerekyerkinbekuly/ai-reply/AI-Reply/build/SimDerivedData/Build/Products/Debug-iphonesimulator/AIReply.app/PlugIns/AIReplyTests.xctest (in target 'AIReplyTests' from project 'AIReply')
    cd /Users/yerekyerkinbekuly/ai-reply/AI-Reply
    /usr/bin/touch -c /Users/yerekyerkinbekuly/ai-reply/AI-Reply/build/SimDerivedData/Build/Products/Debug-iphonesimulator/AIReply.app/PlugIns/AIReplyTests.xctest

Validate /Users/yerekyerkinbekuly/ai-reply/AI-Reply/build/SimDerivedData/Build/Products/Debug-iphonesimulator/AIReply.app (in target 'AIReply' from project 'AIReply')
    cd /Users/yerekyerkinbekuly/ai-reply/AI-Reply
    builtin-validationUtility /Users/yerekyerkinbekuly/ai-reply/AI-Reply/build/SimDerivedData/Build/Products/Debug-iphonesimulator/AIReply.app -shallow-bundle -infoplist-subpath Info.plist

2026-09-18 01:21:25.370018+0500 AIReply[47367:1323106] [unspecified] container_create_or_lookup_app_group_path_by_app_group_identifier: client is not entitled
Test Suite 'All tests' started at 2026-09-18 01:21:26.512.
Test Suite 'AIReplyTests.xctest' started at 2026-09-18 01:21:26.512.
Test Suite 'AIReplyServiceTests' started at 2026-09-18 01:21:26.512.
Test Case '-[AIReplyTests.AIReplyServiceTests testAcceptsMessageAtExactlyTheLimit]' started.
Test Case '-[AIReplyTests.AIReplyServiceTests testAcceptsMessageAtExactlyTheLimit]' passed (0.001 seconds).
Test Case '-[AIReplyTests.AIReplyServiceTests testCyrillicAndKazakhCountAsSingleCharacters]' started.
Test Case '-[AIReplyTests.AIReplyServiceTests testCyrillicAndKazakhCountAsSingleCharacters]' passed (0.009 seconds).
Test Case '-[AIReplyTests.AIReplyServiceTests testFriendTemplateSuppressesWorkingHours]' started.
Test Case '-[AIReplyTests.AIReplyServiceTests testFriendTemplateSuppressesWorkingHours]' passed (0.001 seconds).
Test Case '-[AIReplyTests.AIReplyServiceTests testInjectionAttemptStaysInsideTheMessageBlock]' started.
Test Case '-[AIReplyTests.AIReplyServiceTests testInjectionAttemptStaysInsideTheMessageBlock]' passed (0.001 seconds).
Test Case '-[AIReplyTests.AIReplyServiceTests testProfileAndTemplateTextNeverReachDeveloperInstructions]' started.
Test Case '-[AIReplyTests.AIReplyServiceTests testProfileAndTemplateTextNeverReachDeveloperInstructions]' passed (0.001 seconds).
Test Case '-[AIReplyTests.AIReplyServiceTests testProfileLengthDoesNotAffectTheMessageLimit]' started.
Test Case '-[AIReplyTests.AIReplyServiceTests testProfileLengthDoesNotAffectTheMessageLimit]' passed (0.001 seconds).
Test Case '-[AIReplyTests.AIReplyServiceTests testRejectsEmptyAndWhitespaceOnlyMessages]' started.
Test Case '-[AIReplyTests.AIReplyServiceTests testRejectsEmptyAndWhitespaceOnlyMessages]' passed (0.001 seconds).
Test Case '-[AIReplyTests.AIReplyServiceTests testRejectsOneCharacterOverTheLimit]' started.
Test Case '-[AIReplyTests.AIReplyServiceTests testRejectsOneCharacterOverTheLimit]' passed (0.001 seconds).
Test Case '-[AIReplyTests.AIReplyServiceTests testWhitespaceDoesNotCountTowardTheLimit]' started.
Test Case '-[AIReplyTests.AIReplyServiceTests testWhitespaceDoesNotCountTowardTheLimit]' passed (0.001 seconds).
Test Case '-[AIReplyTests.AIReplyServiceTests testWorkingHoursContextOnlyAppearsWhenEnabled]' started.
Test Case '-[AIReplyTests.AIReplyServiceTests testWorkingHoursContextOnlyAppearsWhenEnabled]' passed (0.001 seconds).
Test Suite 'AIReplyServiceTests' passed at 2026-09-18 01:21:26.531.
	 Executed 10 tests, with 0 failures (0 unexpected) in 0.016 (0.019) seconds
Test Suite 'AccountAPITests' started at 2026-09-18 01:21:26.532.
Test Case '-[AIReplyTests.AccountAPITests testBackendErrorsBecomeReplyErrors]' started.
Test Case '-[AIReplyTests.AccountAPITests testBackendErrorsBecomeReplyErrors]' passed (0.001 seconds).
Test Case '-[AIReplyTests.AccountAPITests testCountryFlagComesFromTheISOCode]' started.
Test Case '-[AIReplyTests.AccountAPITests testCountryFlagComesFromTheISOCode]' passed (0.001 seconds).
Test Case '-[AIReplyTests.AccountAPITests testEveryFailureHasALocalizationKey]' started.
Test Case '-[AIReplyTests.AccountAPITests testEveryFailureHasALocalizationKey]' passed (0.001 seconds).
Test Case '-[AIReplyTests.AccountAPITests testFallsBackToTheStatusWhenThereIsNoEnvelope]' started.
Test Case '-[AIReplyTests.AccountAPITests testFallsBackToTheStatusWhenThereIsNoEnvelope]' passed (0.008 seconds).
Test Case '-[AIReplyTests.AccountAPITests testKeyboardWordingFollowsTheTransportMode]' started.
Test Case '-[AIReplyTests.AccountAPITests testKeyboardWordingFollowsTheTransportMode]' passed (0.001 seconds).
Test Case '-[AIReplyTests.AccountAPITests testPlanNameFallsBackToEnglish]' started.
Test Case '-[AIReplyTests.AccountAPITests testPlanNameFallsBackToEnglish]' passed (0.001 seconds).
Test Case '-[AIReplyTests.AccountAPITests testQuotaErrorCarriesTheNumbersTheScreenNeeds]' started.
Test Case '-[AIReplyTests.AccountAPITests testQuotaErrorCarriesTheNumbersTheScreenNeeds]' passed (0.003 seconds).
Test Case '-[AIReplyTests.AccountAPITests testSessionDecodesTheServerPayload]' started.
Test Case '-[AIReplyTests.AccountAPITests testSessionDecodesTheServerPayload]' passed (0.006 seconds).
Test Case '-[AIReplyTests.AccountAPITests testStableCodesMapToStableCases]' started.
Test Case '-[AIReplyTests.AccountAPITests testStableCodesMapToStableCases]' passed (0.001 seconds).
Test Suite 'AccountAPITests' passed at 2026-09-18 01:21:26.555.
	 Executed 9 tests, with 0 failures (0 unexpected) in 0.021 (0.024) seconds
Test Suite 'CommunicationContextTests' started at 2026-09-18 01:21:26.555.
Test Case '-[AIReplyTests.CommunicationContextTests testBlankRulesNeverReachThePrompt]' started.
Test Case '-[AIReplyTests.CommunicationContextTests testBlankRulesNeverReachThePrompt]' passed (0.001 seconds).
Test Case '-[AIReplyTests.CommunicationContextTests testBusinessContextReachesTheUserMessageAsData]' started.
Test Case '-[AIReplyTests.CommunicationContextTests testBusinessContextReachesTheUserMessageAsData]' passed (0.001 seconds).
Test Case '-[AIReplyTests.CommunicationContextTests testDecodingAProfileFromAnOlderBuildKeepsItsText]' started.
Test Case '-[AIReplyTests.CommunicationContextTests testDecodingAProfileFromAnOlderBuildKeepsItsText]' passed (0.003 seconds).
Test Case '-[AIReplyTests.CommunicationContextTests testDecodingATemplateFromAnOlderBuild]' started.
Test Case '-[AIReplyTests.CommunicationContextTests testDecodingATemplateFromAnOlderBuild]' passed (0.005 seconds).
Test Case '-[AIReplyTests.CommunicationContextTests testDisabledOverrideFallsBackToTheProfile]' started.
Test Case '-[AIReplyTests.CommunicationContextTests testDisabledOverrideFallsBackToTheProfile]' passed (0.001 seconds).
Test Case '-[AIReplyTests.CommunicationContextTests testEmojiPolicyReachesThePrompt]' started.
Test Case '-[AIReplyTests.CommunicationContextTests testEmojiPolicyReachesThePrompt]' passed (0.001 seconds).
Test Case '-[AIReplyTests.CommunicationContextTests testEmptyContextAddsNoBlocks]' started.
Test Case '-[AIReplyTests.CommunicationContextTests testEmptyContextAddsNoBlocks]' passed (0.001 seconds).
Test Case '-[AIReplyTests.CommunicationContextTests testRoleIsSentSeparatelyFromFreeText]' started.
Test Case '-[AIReplyTests.CommunicationContextTests testRoleIsSentSeparatelyFromFreeText]' passed (0.001 seconds).
Test Case '-[AIReplyTests.CommunicationContextTests testRuleListIsBounded]' started.
Test Case '-[AIReplyTests.CommunicationContextTests testRuleListIsBounded]' passed (0.001 seconds).
Test Case '-[AIReplyTests.CommunicationContextTests testRulesAreMergedAndDeduplicated]' started.
Test Case '-[AIReplyTests.CommunicationContextTests testRulesAreMergedAndDeduplicated]' passed (0.001 seconds).
Test Case '-[AIReplyTests.CommunicationContextTests testRulesCannotEscapeTheirBlock]' started.
Test Case '-[AIReplyTests.CommunicationContextTests testRulesCannotEscapeTheirBlock]' passed (0.001 seconds).
Test Case '-[AIReplyTests.CommunicationContextTests testTemplateContextOverridesProfileContext]' started.
Test Case '-[AIReplyTests.CommunicationContextTests testTemplateContextOverridesProfileContext]' passed (0.001 seconds).
Test Case '-[AIReplyTests.CommunicationContextTests testTemplateHoursOverrideTheProfileSchedule]' started.
Test Case '-[AIReplyTests.CommunicationContextTests testTemplateHoursOverrideTheProfileSchedule]' passed (0.001 seconds).
Test Suite 'CommunicationContextTests' passed at 2026-09-18 01:21:26.573.
	 Executed 13 tests, with 0 failures (0 unexpected) in 0.014 (0.018) seconds
Test Suite 'ConfigurationStoreTests' started at 2026-09-18 01:21:26.573.
Test Case '-[AIReplyTests.ConfigurationStoreTests testBuiltInNamesAreLocalizedPerKeyboardLanguage]' started.
Test Case '-[AIReplyTests.ConfigurationStoreTests testBuiltInNamesAreLocalizedPerKeyboardLanguage]' passed (0.001 seconds).
Test Case '-[AIReplyTests.ConfigurationStoreTests testClearingABuiltInNameRestoresTheLocalizedOne]' started.
Test Case '-[AIReplyTests.ConfigurationStoreTests testClearingABuiltInNameRestoresTheLocalizedOne]' passed (0.001 seconds).
Test Case '-[AIReplyTests.ConfigurationStoreTests testCustomNamesAreNotTranslated]' started.
Test Case '-[AIReplyTests.ConfigurationStoreTests testCustomNamesAreNotTranslated]' passed (0.001 seconds).
Test Case '-[AIReplyTests.ConfigurationStoreTests testDecodingToleratesAProfileFromAnOlderBuild]' started.
Test Case '-[AIReplyTests.ConfigurationStoreTests testDecodingToleratesAProfileFromAnOlderBuild]' passed (0.001 seconds).
Test Case '-[AIReplyTests.ConfigurationStoreTests testHidingEverythingRestoresTheBuiltIns]' started.
Test Case '-[AIReplyTests.ConfigurationStoreTests testHidingEverythingRestoresTheBuiltIns]' passed (0.001 seconds).
Test Case '-[AIReplyTests.ConfigurationStoreTests testInstructionsAreCappedAtTheStoredLimit]' started.
Test Case '-[AIReplyTests.ConfigurationStoreTests testInstructionsAreCappedAtTheStoredLimit]' passed (0.001 seconds).
Test Case '-[AIReplyTests.ConfigurationStoreTests testMissingBuiltInsAreRestored]' started.
Test Case '-[AIReplyTests.ConfigurationStoreTests testMissingBuiltInsAreRestored]' passed (0.001 seconds).
Test Case '-[AIReplyTests.ConfigurationStoreTests testProfileDescriptionIsCapped]' started.
Test Case '-[AIReplyTests.ConfigurationStoreTests testProfileDescriptionIsCapped]' passed (0.001 seconds).
Test Case '-[AIReplyTests.ConfigurationStoreTests testRoundTripThroughTheStore]' started.
Test Case '-[AIReplyTests.ConfigurationStoreTests testRoundTripThroughTheStore]' passed (0.010 seconds).
Test Case '-[AIReplyTests.ConfigurationStoreTests testSortIndicesAreMadeContiguous]' started.
Test Case '-[AIReplyTests.ConfigurationStoreTests testSortIndicesAreMadeContiguous]' passed (0.001 seconds).
Test Case '-[AIReplyTests.ConfigurationStoreTests testStoreWithoutAContainerStillWorksInMemory]' started.
Test Case '-[AIReplyTests.ConfigurationStoreTests testStoreWithoutAContainerStillWorksInMemory]' passed (0.001 seconds).
Test Suite 'ConfigurationStoreTests' passed at 2026-09-18 01:21:26.594.
	 Executed 11 tests, with 0 failures (0 unexpected) in 0.018 (0.021) seconds
Test Suite 'LocalizationCatalogueTests' started at 2026-09-18 01:21:26.595.
Test Case '-[AIReplyTests.LocalizationCatalogueTests testEveryKeyIsTranslatedIntoAllThreeLanguages]' started.
Test Case '-[AIReplyTests.LocalizationCatalogueTests testEveryKeyIsTranslatedIntoAllThreeLanguages]' passed (0.008 seconds).
Test Case '-[AIReplyTests.LocalizationCatalogueTests testFormatSpecifiersAgreeAcrossLanguages]' started.
Test Case '-[AIReplyTests.LocalizationCatalogueTests testFormatSpecifiersAgreeAcrossLanguages]' passed (0.006 seconds).
Test Case '-[AIReplyTests.LocalizationCatalogueTests testNoStringClaimsRepliesAreProducedOnDevice]' started.
Test Case '-[AIReplyTests.LocalizationCatalogueTests testNoStringClaimsRepliesAreProducedOnDevice]' passed (0.011 seconds).
Test Suite 'LocalizationCatalogueTests' passed at 2026-09-18 01:21:26.621.
	 Executed 3 tests, with 0 failures (0 unexpected) in 0.025 (0.026) seconds
Test Suite 'LocalizationTests' started at 2026-09-18 01:21:26.621.
Test Case '-[AIReplyTests.LocalizationTests testAppLanguageMapsToTheRightLayoutVocabulary]' started.
Test Case '-[AIReplyTests.LocalizationTests testAppLanguageMapsToTheRightLayoutVocabulary]' passed (0.001 seconds).
Test Case '-[AIReplyTests.LocalizationTests testEveryStringIsTranslatedInEveryLanguage]' started.
Test Case '-[AIReplyTests.LocalizationTests testEveryStringIsTranslatedInEveryLanguage]' passed (0.002 seconds).
Test Case '-[AIReplyTests.LocalizationTests testKeyboardVocabularyMatchesTheBrief]' started.
Test Case '-[AIReplyTests.LocalizationTests testKeyboardVocabularyMatchesTheBrief]' passed (0.001 seconds).
Test Case '-[AIReplyTests.LocalizationTests testNoEnglishFallbackLeaksIntoOtherLanguages]' started.
Test Case '-[AIReplyTests.LocalizationTests testNoEnglishFallbackLeaksIntoOtherLanguages]' passed (0.000 seconds).
Test Case '-[AIReplyTests.LocalizationTests testProductStringsAreKeyedByAppLanguage]' started.
Test Case '-[AIReplyTests.LocalizationTests testProductStringsAreKeyedByAppLanguage]' passed (0.000 seconds).
Test Case '-[AIReplyTests.LocalizationTests testTemplateNamesMatchTheBrief]' started.
Test Case '-[AIReplyTests.LocalizationTests testTemplateNamesMatchTheBrief]' passed (0.000 seconds).
Test Case '-[AIReplyTests.LocalizationTests testUserFacingScreensAreActuallyTranslated]' started.
Test Case '-[AIReplyTests.LocalizationTests testUserFacingScreensAreActuallyTranslated]' passed (0.007 seconds).
Test Suite 'LocalizationTests' passed at 2026-09-18 01:21:26.634.
	 Executed 7 tests, with 0 failures (0 unexpected) in 0.012 (0.013) seconds
Test Suite 'ReplyDraftNormalizerTests' started at 2026-09-18 01:21:26.634.
Test Case '-[AIReplyTests.ReplyDraftNormalizerTests testEmptyDraftNormalizesToEmpty]' started.
Test Case '-[AIReplyTests.ReplyDraftNormalizerTests testEmptyDraftNormalizesToEmpty]' passed (0.001 seconds).
Test Case '-[AIReplyTests.ReplyDraftNormalizerTests testLimitsBlankLines]' started.
Test Case '-[AIReplyTests.ReplyDraftNormalizerTests testLimitsBlankLines]' passed (0.001 seconds).
Test Case '-[AIReplyTests.ReplyDraftNormalizerTests testPreservesEmoji]' started.
Test Case '-[AIReplyTests.ReplyDraftNormalizerTests testPreservesEmoji]' passed (0.001 seconds).
Test Case '-[AIReplyTests.ReplyDraftNormalizerTests testPreservesKazakhCharacters]' started.
Test Case '-[AIReplyTests.ReplyDraftNormalizerTests testPreservesKazakhCharacters]' passed (0.001 seconds).
Test Case '-[AIReplyTests.ReplyDraftNormalizerTests testPreservesPhoneNumbersAndPrices]' started.
Test Case '-[AIReplyTests.ReplyDraftNormalizerTests testPreservesPhoneNumbersAndPrices]' passed (0.001 seconds).
Test Case '-[AIReplyTests.ReplyDraftNormalizerTests testPreservesRussianCharacters]' started.
Test Case '-[AIReplyTests.ReplyDraftNormalizerTests testPreservesRussianCharacters]' passed (0.001 seconds).
Test Case '-[AIReplyTests.ReplyDraftNormalizerTests testPreservesURLs]' started.
Test Case '-[AIReplyTests.ReplyDraftNormalizerTests testPreservesURLs]' passed (0.001 seconds).
Test Case '-[AIReplyTests.ReplyDraftNormalizerTests testRemovesSpaceBeforePunctuation]' started.
Test Case '-[AIReplyTests.ReplyDraftNormalizerTests testRemovesSpaceBeforePunctuation]' passed (0.001 seconds).
Test Case '-[AIReplyTests.ReplyDraftNormalizerTests testTrimsAndCollapsesWhitespace]' started.
Test Case '-[AIReplyTests.ReplyDraftNormalizerTests testTrimsAndCollapsesWhitespace]' passed (0.001 seconds).
Test Suite 'ReplyDraftNormalizerTests' passed at 2026-09-18 01:21:26.643.
	 Executed 9 tests, with 0 failures (0 unexpected) in 0.006 (0.009) seconds
Test Suite 'TemplateSummaryTests' started at 2026-09-18 01:21:26.643.
Test Case '-[AIReplyTests.TemplateSummaryTests testCacheStaysSmall]' started.
Test Case '-[AIReplyTests.TemplateSummaryTests testCacheStaysSmall]' passed (0.001 seconds).
Test Case '-[AIReplyTests.TemplateSummaryTests testCustomNamesAreCarriedVerbatim]' started.
Test Case '-[AIReplyTests.TemplateSummaryTests testCustomNamesAreCarriedVerbatim]' passed (0.000 seconds).
Test Case '-[AIReplyTests.TemplateSummaryTests testHiddenTemplatesAreNotCached]' started.
Test Case '-[AIReplyTests.TemplateSummaryTests testHiddenTemplatesAreNotCached]' passed (0.002 seconds).
Test Case '-[AIReplyTests.TemplateSummaryTests testRoundTripThroughSharedDefaults]' started.
Test Case '-[AIReplyTests.TemplateSummaryTests testRoundTripThroughSharedDefaults]' passed (0.003 seconds).
Test Case '-[AIReplyTests.TemplateSummaryTests testSummaryCarriesEveryLanguage]' started.
Test Case '-[AIReplyTests.TemplateSummaryTests testSummaryCarriesEveryLanguage]' passed (0.000 seconds).
Test Suite 'TemplateSummaryTests' passed at 2026-09-18 01:21:26.651.
	 Executed 5 tests, with 0 failures (0 unexpected) in 0.006 (0.007) seconds
Test Suite 'VoiceConfigurationParserTests' started at 2026-09-18 01:21:26.651.
Test Case '-[AIReplyTests.VoiceConfigurationParserTests testEnglishWordHours]' started.
Test Case '-[AIReplyTests.VoiceConfigurationParserTests testEnglishWordHours]' passed (0.004 seconds).
Test Case '-[AIReplyTests.VoiceConfigurationParserTests testInvertedRangeIsRejected]' started.
Test Case '-[AIReplyTests.VoiceConfigurationParserTests testInvertedRangeIsRejected]' passed (0.001 seconds).
Test Case '-[AIReplyTests.VoiceConfigurationParserTests testKazakhDigitHoursWithCaseEndings]' started.
Test Case '-[AIReplyTests.VoiceConfigurationParserTests testKazakhDigitHoursWithCaseEndings]' passed (0.001 seconds).
Test Case '-[AIReplyTests.VoiceConfigurationParserTests testKazakhRuleIsExtracted]' started.
Test Case '-[AIReplyTests.VoiceConfigurationParserTests testKazakhRuleIsExtracted]' passed (0.001 seconds).
Test Case '-[AIReplyTests.VoiceConfigurationParserTests testNoFalsePositives]' started.
Test Case '-[AIReplyTests.VoiceConfigurationParserTests testNoFalsePositives]' passed (0.001 seconds).
Test Case '-[AIReplyTests.VoiceConfigurationParserTests testRussianExplicitDayRange]' started.
Test Case '-[AIReplyTests.VoiceConfigurationParserTests testRussianExplicitDayRange]' passed (0.001 seconds).
Test Case '-[AIReplyTests.VoiceConfigurationParserTests testRussianWordHoursWithMeridiem]' started.
Test Case '-[AIReplyTests.VoiceConfigurationParserTests testRussianWordHoursWithMeridiem]' passed (0.002 seconds).
Test Case '-[AIReplyTests.VoiceConfigurationParserTests testSuggestionBuildsScheduleOnlyForNamedDays]' started.
Test Case '-[AIReplyTests.VoiceConfigurationParserTests testSuggestionBuildsScheduleOnlyForNamedDays]' passed (0.001 seconds).
Test Suite 'VoiceConfigurationParserTests' passed at 2026-09-18 01:21:26.665.
	 Executed 8 tests, with 0 failures (0 unexpected) in 0.012 (0.014) seconds
Test Suite 'WorkingHoursTests' started at 2026-09-18 01:21:26.665.
Test Case '-[AIReplyTests.WorkingHoursTests testAfterHoursPointsAtTomorrow]' started.
Test Case '-[AIReplyTests.WorkingHoursTests testAfterHoursPointsAtTomorrow]' passed (0.001 seconds).
Test Case '-[AIReplyTests.WorkingHoursTests testBeforeOpeningPointsAtToday]' started.
Test Case '-[AIReplyTests.WorkingHoursTests testBeforeOpeningPointsAtToday]' passed (0.001 seconds).
Test Case '-[AIReplyTests.WorkingHoursTests testDisabledHoursSendNoTimeContext]' started.
Test Case '-[AIReplyTests.WorkingHoursTests testDisabledHoursSendNoTimeContext]' passed (0.001 seconds).
Test Case '-[AIReplyTests.WorkingHoursTests testEndBeforeStartIsNeverInside]' started.
Test Case '-[AIReplyTests.WorkingHoursTests testEndBeforeStartIsNeverInside]' passed (0.001 seconds).
Test Case '-[AIReplyTests.WorkingHoursTests testInsideWorkingHours]' started.
Test Case '-[AIReplyTests.WorkingHoursTests testInsideWorkingHours]' passed (0.001 seconds).
Test Case '-[AIReplyTests.WorkingHoursTests testSundayEveningSaysTomorrow]' started.
Test Case '-[AIReplyTests.WorkingHoursTests testSundayEveningSaysTomorrow]' passed (0.001 seconds).
Test Case '-[AIReplyTests.WorkingHoursTests testTimeOfDayClampsOutOfRangeValues]' started.
Test Case '-[AIReplyTests.WorkingHoursTests testTimeOfDayClampsOutOfRangeValues]' passed (0.001 seconds).
Test Case '-[AIReplyTests.WorkingHoursTests testWeekendSkipsToMonday]' started.
Test Case '-[AIReplyTests.WorkingHoursTests testWeekendSkipsToMonday]' passed (0.001 seconds).
Test Case '-[AIReplyTests.WorkingHoursTests testWeeklySummaryGroupsConsecutiveDays]' started.
Test Case '-[AIReplyTests.WorkingHoursTests testWeeklySummaryGroupsConsecutiveDays]' passed (0.001 seconds).
Test Suite 'WorkingHoursTests' passed at 2026-09-18 01:21:26.675.
	 Executed 9 tests, with 0 failures (0 unexpected) in 0.006 (0.010) seconds
Test Suite 'AIReplyTests.xctest' passed at 2026-09-18 01:21:26.675.
	 Executed 84 tests, with 0 failures (0 unexpected) in 0.136 (0.163) seconds
Test Suite 'All tests' passed at 2026-09-18 01:21:26.675.
	 Executed 84 tests, with 0 failures (0 unexpected) in 0.136 (0.164) seconds
2026-09-18 01:21:26.976 xcodebuild[47287:1322214] [MT] IDETestOperationsObserverDebug: 7.049 elapsed -- Testing started completed.
2026-09-18 01:21:26.976 xcodebuild[47287:1322214] [MT] IDETestOperationsObserverDebug: 0.000 sec, +0.000 sec -- start
2026-09-18 01:21:26.976 xcodebuild[47287:1322214] [MT] IDETestOperationsObserverDebug: 7.049 sec, +7.049 sec -- end

Test session results, code coverage, and logs:
	/Users/yerekyerkinbekuly/ai-reply/AI-Reply/build/SimDerivedData/Logs/Test/Test-AIReply-2026.09.18_01-21-16-+0500.xcresult

** TEST SUCCEEDED **

Testing started

===== ios: install and launch =====
kz.yerek.replykeyboard: 47403
Detected file type from extension: PNG
Note: No display specified. Defaulting to display: D39C65B6-6A1F-4A95-94E8-FF51E43ADC00 (screenID: 1, name: LCD)
Wrote screenshot to: /Users/yerekyerkinbekuly/ai-reply/Claude outputs/ios/verify-launch.png

===== android: build and unit tests =====
To honour the JVM settings for this build a single-use Daemon process will be forked. For more on this, please refer to https://docs.gradle.org/8.11.1/userguide/gradle_daemon.html#sec:disabling_the_daemon in the Gradle documentation.
Daemon will be stopped at the end of the build 

===== android: install and launch =====
apk=none avd=rbt_api36


===== SUMMARY =====
FAIL  backend: build, vet, test
PASS  ios: build for the simulator
PASS  ios: unit tests
PASS  ios: install and launch
FAIL  android: build and unit tests
SKIP  android: install and launch

Full output: /Users/yerekyerkinbekuly/ai-reply/verify.log
